SECTOR;value;LATITUDE;LONGITUDE
Cement;0.22501;31.6238;117.9593
Cement;0.70205;32.3532;118.1714
Cement;0.70205;30.8938;119.4171
Cement;0.35102;30.8765;119.4266
Cement;0.70205;31.0681;119.562
Cement;0.80105;32.3155;118.3139
Cement;0.35102;33.9914;116.828
Cement;0.35102;33.9914;116.828
Cement;0.70205;32.6314;116.8336
Cement;1.05307;31.1414;118.3426
Cement;1.26458;32.0425;118.4927
Cement;0.63004;31.2273;117.3937
Cement;4.99082;31.5129;118.3362
Cement;4.99082;31.6454;117.8559
Cement;0.13951;31.0837;118.1964
Cement;0.35102;31.0837;118.1964
Cement;0.45003;31.0837;118.1964
Cement;0.42303;40.1857;116.168
Cement;0.70205;39.7305;115.9649
Cement;0.42303;39.7732;116.033
Cement;1.40409;30.0783;106.5914
Cement;1.05307;29.9425;106.3551
Cement;0.35102;29.5425;106.1573
Cement;0.70205;29.0225;106.8236
Cement;1.05307;30.8079;108.4087
Cement;0.35102;29.4583;108.793
Cement;0.84155;29.8377;107.0093
Cement;1.05307;29.3433;106.4275
Cement;0.35102;28.4483;109.0071
Cement;1.35009;29.3778;106.4362
Cement;0.64804;29.5922;107.4282
Cement;0.45003;29.2045;106.147
Cement;0.63004;29.8368;107.0791
Cement;0.45003;30.2651;106.9199
Cement;0.64804;29.4835;106.4424
Cement;0.13951;30.1733;107.655
Cement;0.64804;30.6022;106.5592
Cement;0.63004;25.0984;117.0303
Cement;0.63004;24.723;116.732
Cement;0.13951;25.0554;118.1869
Cement;0.90006;26.793;117.8104
Cement;0.35102;25.9673;117.3669
Cement;0.63004;25.9673;117.3669
Cement;1.40409;26.729;117.471
Cement;1.40409;25.0984;117.0374
Cement;0.91356;25.0984;117.0374
Cement;0.21151;25.1167;117.0627
Cement;0.63004;26.0953;116.1004
Cement;0.63004;26.729;117.471
Cement;0.27902;25.1733;117.0704
Cement;0.70205;26.1756;116.8173
Cement;1.40409;25.3521;117.3786
Cement;0.70205;25.7776;117.7216
Cement;0.045;37.4701;102.8976
Cement;0.11251;39.772;98.2901
Cement;0.09001;37.1814;104.0631
Cement;0.0675;40.2726;97.0436
Cement;0.70205;36.7364;103.2605
Cement;0.45003;34.7213;104.8909
Cement;0.072;36.7364;103.2605
Cement;0.13951;35.2176;106.6535
Cement;0.70205;35.8433;104.1126
Cement;0.27902;38.2459;101.9696
Cement;0.13951;37.1814;104.0631
Cement;0.13951;36.4085;104.1903
Cement;0.81005;35.6132;103.4426
Cement;0.35102;33.6553;105.5519
Cement;0.63004;36.8959;104.29
Cement;0.56254;35.2037;105.4858
Cement;0.27002;39.3125;101.1573
Cement;0.054;39.3125;101.1573
Cement;0.63004;36.0614;103.8342
Cement;0.35102;35.5426;106.6748
Cement;0.13501;34.5666;105.895
Cement;0.045;37.9292;102.6435
Cement;0.045;31.0181;113.1162
Cement;0.045;38.9559;100.4969
Cement;0.98106;23.3789;113.2194
Cement;1.40409;23.4245;111.512
Cement;0.13951;21.6096;110.2862
Cement;0.35102;22.1703;111.7915
Cement;0.70205;24.6586;116.1712
Cement;0.70205;24.6586;116.1712
Cement;0.42303;24.3782;116.1892
Cement;1.26458;23.7276;114.2549
Cement;0.27902;24.1374;115.7414
Cement;0.98106;22.928;112.0437
Cement;0.56254;23.1579;113.2732
Cement;0.13951;22.7885;114.4565
Cement;0.13951;24.6586;116.1712
Cement;0.25202;22.0697;111.5411
Cement;0.67504;24.636;116.3481
Cement;0.27902;24.636;116.3481
Cement;0.56254;24.9509;116.4864
Cement;0.35102;23.2673;113.5008
Cement;0.35102;23.3274;112.734
Cement;0.70205;22.9153;112.0445
Cement;0.70205;22.9153;112.0445
Cement;9.56312;24.1857;113.4151
Cement;0.27902;24.1862;113.4113
Cement;0.54003;24.1862;113.4113
Cement;0.24302;22.7083;110.3542
Cement;0.56254;24.8314;110.8284
Cement;0.80105;23.2177;108.8103
Cement;1.40409;22.8339;108.3134
Cement;1.26458;23.7357;106.9157
Cement;1.40409;21.9281;107.6901
Cement;1.26458;21.6608;109.2073
Cement;0.63004;23.1131;109.5976
Cement;1.40409;23.3972;110.0565
Cement;1.26458;23.3972;110.0565
Cement;9.35161;23.5392;110.3922
Cement;0.63004;24.8143;111.2775
Cement;0.63004;23.5941;109.6633
Cement;0.21151;23.1108;109.5734
Cement;0.09001;22.7084;110.3543
Cement;0.072;23.7365;107.9981
Cement;0.70205;23.5972;107.1261
Cement;0.11251;24.6898;108.0372
Cement;0.18451;22.7584;108.4874
Cement;0.35102;24.1935;110.5249
Cement;2.02513;24.3671;109.2632
Cement;0.13951;23.075;109.6
Cement;0.09001;25.4097;110.3255
Cement;0.18001;24.6898;108.0372
Cement;0.09001;25.6315;107.9062
Cement;0.09001;23.2672;108.5356
Cement;0.21151;23.3034;108.4592
Cement;0.09001;23.9089;110.656
Cement;0.13501;22.4544;109.9301
Cement;0.13951;25.1175;109.4343
Cement;9.56312;23.3057;109.2263
Cement;0.17101;22.6167;110.3073
Cement;0.14401;23.3956;110.074
Cement;0.0675;28.1996;107.0276
Cement;0.27902;26.6786;106.623
Cement;0.09001;26.4098;106.6703
Cement;0.072;26.6294;106.7524
Cement;0.35102;26.5758;104.8445
Cement;0.18001;26.2594;107.5188
Cement;0.35102;27.7489;107.4655
Cement;0.70205;26.5561;106.4706
Cement;0.70205;28.1541;109.2032
Cement;0.08551;27.0779;107.4711
Cement;0.27902;26.9918;105.4046
Cement;0.35102;26.3373;105.8007
Cement;0.35102;26.9524;108.6367
Cement;0.13951;25.1553;105.4987
Cement;0.64804;28.2536;106.8615
Cement;0.13951;28.08;107.4939
Cement;0.13951;28.5539;106.344
Cement;1.12507;26.6826;106.4314
Cement;0.35102;27.5069;105.514
Cement;0.35102;28.08;107.4939
Cement;0.35102;28.5539;106.344
Cement;0.45003;26.6237;107.5205
Cement;0.072;26.8389;106.5884
Cement;0.70205;26.5338;106.8926
Cement;0.20251;28.1087;107.5904
Cement;0.0765;27.8144;106.9069
Cement;4.7118;19.2683;109.0533
Cement;0.0675;19.5213;109.5806
Cement;0.09001;19.4119;109.2788
Cement;0.13501;19.4119;109.2788
Cement;0.045;18.937;109.508
Cement;0.22501;18.6668;110.2569
Cement;0.27902;19.2389;108.9572
Cement;0.18001;40.5464;117.6596
Cement;0.70205;37.2813;114.4238
Cement;0.70205;37.0679;114.5071
Cement;5.20234;38.0859;114.3134
Cement;0.77405;38.0859;114.3134
Cement;0.13951;38.26;114.186
Cement;0.70205;37.4443;114.499
Cement;9.77463;39.8327;118.1621
Cement;0.27902;38.4444;114.3168
Cement;0.62104;40.3974;119.8127
Cement;0.56254;39.6305;118.1766
Cement;0.13951;39.6305;118.1766
Cement;0.84155;39.6305;118.1766
Cement;0.13951;46.0854;127.4035
Cement;0.49053;46.8127;130.3839
Cement;0.13951;47.3442;123.9812
Cement;0.18001;45.5477;126.9572
Cement;0.27902;47.138;129.2835
Cement;0.13951;46.2392;130.5533
Cement;0.16651;45.5477;129.9572
Cement;1.40409;47.792;126.6493
Cement;0.27902;45.3369;131.0114
Cement;0.70205;46.2392;130.5533
Cement;0.56254;34.3964;109.5658
Cement;0.72905;47.2233;131.2347
Cement;0.35102;35.0876;112.9506
Cement;0.54003;34.8028;113.3089
Cement;0.70205;34.456;113.0532
Cement;0.63004;36.1183;114.2478
Cement;0.63004;34.6137;112.4653
Cement;0.63004;32.9865;112.5349
Cement;0.27902;33.2544;113.0126
Cement;0.63004;32.3761;113.4118
Cement;0.63004;34.3123;112.8978
Cement;0.13501;36.2126;114.2318
Cement;0.90006;36.1085;114.3551
Cement;2.70017;35.4621;113.8054
Cement;0.84155;32.9865;112.5349
Cement;0.70205;35.3718;113.906
Cement;1.40409;35.7557;114.3183
Cement;0.70205;32.8021;114.0264
Cement;1.33209;34.515;112.1792
Cement;0.77405;34.7205;111.1034
Cement;0.35102;35.4027;114.067
Cement;0.35102;34.7276;112.7896
Cement;0.35102;32.8021;114.0264
Cement;0.90006;35.2141;113.2542
Cement;0.63004;32.1168;114.0586
Cement;1.33209;35.2561;113.3229
Cement;0.45003;35.0671;112.6027
Cement;0.08101;33.9147;114.5339
Cement;0.16651;34.9689;112.887
Cement;0.13951;34.2608;112.7921
Cement;1.12507;34.2373;113.4953
Cement;0.63004;34.3672;113.2659
Cement;0.13501;32.6812;112.8075
Cement;4.77931;34.6704;113.3503
Cement;1.4761;35.3985;114.0612
Cement;1.40409;34.1405;113.4879
Cement;0.70205;32.0099;114.9188
Cement;1.40409;33.8991;112.8954
Cement;1.05307;34.1672;112.8416
Cement;0.70205;34.7678;111.7619
Cement;0.63004;33.0279;112.2431
Cement;1.19258;35.3985;114.0646
Cement;0.11701;35.4617;113.8054
Cement;0.42303;35.4617;113.8054
Cement;0.63004;34.5216;113.4311
Cement;0.13951;29.9706;113.9393
Cement;0.67504;29.7248;113.9005
Cement;0.70205;29.9706;113.9393
Cement;0.67504;32.5245;111.7422
Cement;0.35102;30.5316;111.4187
Cement;0.86856;30.8212;111.7883
Cement;0.72905;31.0519;112.2016
Cement;0.13951;29.5554;114.0475
Cement;0.39153;30.2722;109.4882
Cement;0.56254;30.0955;114.9798
Cement;1.12507;30.1793;115.045
Cement;1.5166;29.8443;115.5613
Cement;1.5166;29.8304;115.2153
Cement;0.56254;29.7248;113.9005
Cement;0.91356;32.0555;110.7412
Cement;0.80105;30.3783;111.45
Cement;0.56254;30.8258;110.9777
Cement;0.80105;31.2555;113.6891
Cement;2.25015;30.5343;114.7298
Cement;0.27902;31.0185;113.1196
Cement;0.27002;31.0185;113.1196
Cement;0.42303;32.9931;110.4259
Cement;0.35102;32.3181;109.7153
Cement;0.21151;29.4939;109.407
Cement;0.35102;30.1696;111.7674
Cement;0.16651;30.6444;111.361
Cement;1.44009;25.0552;101.5705
Cement;0.91356;28.246;113.0809
Cement;0.70205;28.3612;112.8179
Cement;1.40409;28.2083;113.2886
Cement;0.63004;29.0187;111.6807
Cement;0.35102;26.7868;112.1207
Cement;0.91356;26.4224;112.8599
Cement;0.70205;27.114;111.0325
Cement;0.63004;25.5527;113.0009
Cement;0.91356;25.9426;113.2294
Cement;0.91356;25.7474;112.7313
Cement;0.77405;26.9126;112.5675
Cement;0.70205;27.4399;109.945
Cement;0.91356;28.0065;110.1837
Cement;0.13951;29.5841;111.3798
Cement;0.51753;29.5841;111.3798
Cement;0.16651;27.9083;110.5949
Cement;3.60023;28.246;113.0809
Cement;1.80012;28.5182;112.1557
Cement;0.56254;26.4444;111.5919
Cement;0.56254;28.2272;112.0047
Cement;0.45003;25.9589;112.579
Cement;0.70205;27.856;113.1733
Cement;0.70205;27.9575;112.8377
Cement;0.35102;28.9026;111.4889
Cement;1.35009;40.9906;113.124
Cement;0.35102;46.7228;122.8999
Cement;0.35102;41.9272;118.7027
Cement;0.35102;39.5983;109.7869
Cement;0.21151;43.617;118.0558
Cement;0.95406;40.7936;111.5639
Cement;0.63004;39.9089;111.5639
Cement;0.84155;39.441;106.8916
Cement;0.84155;39.0899;107.9776
Cement;0.21151;49.2856;120.7117
Cement;1.23758;48.1258;123.4594
Cement;0.70205;39.6918;106.8226
Cement;0.35102;40.193;111.8069
Cement;0.35102;39.692;106.8281
Cement;0.16651;31.4159;119.4846
Cement;0.70205;32.1953;119.4122
Cement;0.35102;31.9448;119.1686
Cement;1.05307;31.3513;119.3318
Cement;0.35102;31.3404;119.8235
Cement;0.70205;31.5285;120.2843
Cement;0.35102;31.491;120.3124
Cement;1.40409;31.4431;117.4535
Cement;0.35102;31.0381;120.8492
Cement;0.61654;31.3275;118.8921
Cement;0.35102;31.9448;119.1686
Cement;1.05307;31.3404;119.8235
Cement;13.8519;31.4159;119.4846
Cement;0.45003;32.867;120.3205
Cement;0.63004;31.651;119.0284
Cement;0.35102;31.6996;119.8128
Cement;0.21151;32.5907;119.4001
Cement;1.40409;32.2089;120.0054
Cement;0.70205;31.4159;119.4846
Cement;1.05307;31.3404;119.8235
Cement;4.77931;31.9448;119.1686
Cement;0.70205;31.3407;119.8264
Cement;0.27902;31.3407;119.8264
Cement;0.21151;36.7363;103.2605
Cement;0.70205;28.9617;117.129
Cement;1.05307;28.6819;118.2448
Cement;0.63004;28.217;114.9507
Cement;0.35102;27.6306;114.0296
Cement;0.51753;25.9518;115.4154
Cement;0.67504;25.8019;115.4954
Cement;0.21151;27.3928;114.6196
Cement;0.49053;28.2925;117.2453
Cement;0.35102;28.1592;115.7712
Cement;0.35102;29.6907;116.0097
Cement;0.77405;25.3862;114.9228
Cement;0.56254;26.7899;114.9089
Cement;0.16651;28.4373;118.2002
Cement;0.84155;25.3862;114.9228
Cement;0.70205;28.6819;118.2448
Cement;4.77931;28.6947;117.0584
Cement;1.40409;25.8856;116.0271
Cement;0.56254;25.9518;115.4154
Cement;0.42303;27.8148;114.6919
Cement;0.70205;29.7394;116.2202
Cement;1.35009;29.7278;115.99
Cement;0.35102;27.6987;113.8297
Cement;0.91356;26.3392;115.3595
Cement;1.40409;28.3875;115.2454
Cement;0.35102;43.0976;124.7085
Cement;1.40409;42.8881;125.1437
Cement;1.12507;43.3128;129.7713
Cement;2.80818;43.8408;126.5482
Cement;0.18001;43.3072;124.3356
Cement;5.06283;43.525;125.6646
Cement;0.70205;43.3449;125.3054
Cement;1.40409;42.9466;126.0605
Cement;1.26458;42.968;129.8439
Cement;0.35102;41.7742;126.0426
Cement;0.13951;42.5808;126.7028
Cement;0.35102;43.1665;124.3504
Cement;0.56254;41.3678;120.2959
Cement;0.21151;41.5742;120.4309
Cement;0.70205;39.0502;121.7826
Cement;0.16651;39.6264;121.98
Cement;0.56254;39.3944;121.9632
Cement;0.35102;40.4528;124.0661
Cement;0.27902;41.8593;123.8742
Cement;0.21151;41.6939;122.1207
Cement;0.35102;41.4262;123.3393
Cement;0.70205;41.1501;123.0295
Cement;0.56254;41.2979;121.4586
Cement;0.78755;39.5278;122.0297
Cement;0.49053;42.5225;124.1372
Cement;0.56254;41.4509;123.2951
Cement;0.70205;41.804;124.1906
Cement;1.40409;42.5064;124.4099
Cement;1.40409;41.7177;123.5759
Cement;0.84155;41.2395;123.354
Cement;0.70205;39.6264;121.98
Cement;2.80818;41.2213;123.6834
Cement;0.70205;41.2678;123.237
Cement;5.20234;39.5692;121.4177
Cement;0.16651;39.6261;121.9774
Cement;0.045;36.0392;106.2092
Cement;0.70205;38.833;106.2681
Cement;1.12507;38.04;106.1411
Cement;0.35102;37.821;106.1477
Cement;0.13951;35.8395;106.5519
Cement;0.045;38.929;106.594
Cement;0.09001;38.7921;106.4079
Cement;0.21151;38.4708;106.4255
Cement;1.26458;37.7148;106.1068
Cement;0.35102;37.7148;106.1068
Cement;0.45003;39.0415;106.6223
Cement;0.0585;37.0374;106.3836
Cement;0.31502;38.0367;106.141
Cement;0.13951;38.174;106.5668
Cement;0.13951;38.833;106.2681
Cement;2.25015;38.833;106.2681
Cement;0.0405;36.04;101.4336
Cement;0.35102;36.5341;103.3858
Cement;0.42303;37.5526;102.1485
Cement;0.054;37.5526;102.1485
Cement;0.09001;37.5251;102.2391
Cement;0.18001;37.6263;97.6024
Cement;0.20251;36.8058;102.6715
Cement;0.27902;37.5251;102.2391
Cement;0.09001;36.8058;102.6715
Cement;0.42303;36.5009;101.5716
Cement;0.045;33.1567;107.3337
Cement;0.0405;33.9123;106.522
Cement;0.045;34.5211;107.4008
Cement;0.08101;34.3753;107.9002
Cement;0.09001;32.9993;106.9362
Cement;0.0675;32.8931;108.5087
Cement;0.0495;35.2375;110.1493
Cement;0.63004;34.5211;107.4008
Cement;1.93513;34.5271;108.8426
Cement;1.93513;34.3753;107.9002
Cement;0.045;34.3848;109.5618
Cement;0.11251;33.1188;107.0546
Cement;0.045;34.4614;108.2609
Cement;0.13501;32.6584;109.605
Cement;0.045;35.1508;109.8269
Cement;0.045;35.6388;110.2528
Cement;0.036;35.5977;109.9846
Cement;0.13951;35.6689;110.4397
Cement;0.054;35.0739;107.2233
Cement;0.045;35.2521;107.0382
Cement;0.63004;34.5959;107.654
Cement;0.16651;35.5349;109.6433
Cement;0.045;34.87;107.6687
Cement;0.072;35.4918;107.4453
Cement;0.63004;35.5349;109.6434
Cement;0.09001;33.2601;107.1254
Cement;0.045;35.5977;109.9846
Cement;0.045;33.2685;107.5603
Cement;0.42303;34.4614;108.2609
Cement;0.22501;34.7429;108.0361
Cement;0.27002;35.1254;109.1331
Cement;0.21151;35.5349;109.6434
Cement;0.0585;34.4802;110.5696
Cement;0.09001;33.8864;111.4711
Cement;0.045;34.4408;110.5701
Cement;0.70205;34.4386;109.6006
Cement;0.35102;33.6759;107.5673
Cement;0.072;34.8046;108.7138
Cement;0.67504;35.5977;109.9846
Cement;0.045;35.5977;109.9846
Cement;0.045;35.5977;109.9846
Cement;0.70205;34.2537;109.5429
Cement;0.21151;33.1653;109.0527
Cement;0.70205;35.5988;109.9844
Cement;0.56254;33.3743;107.9162
Cement;0.35102;33.2599;107.1256
Cement;0.56254;33.3947;109.6146
Cement;0.35102;34.1661;110.5537
Cement;0.13951;39.0559;111.1202
Cement;0.13951;39.4069;110.8413
Cement;0.63004;33.0678;107.0319
Cement;0.045;34.9098;108.9801
Cement;0.0675;34.2727;109.0646
Cement;0.08101;34.1513;109.3235
Cement;0.072;34.5281;108.2394
Cement;0.22501;34.2226;108.9488
Cement;0.045;33.2228;107.5457
Cement;0.15751;34.9091;108.9893
Cement;0.27902;33.3996;109.1976
Cement;0.045;32.5234;108.5385
Cement;0.70205;34.8573;118.0707
Cement;0.70205;37.4501;116.261
Cement;0.84155;36.6846;118.4797
Cement;1.05307;35.8668;117.1551
Cement;0.70205;35.9371;116.4702
Cement;0.70205;35.5808;116.9865
Cement;0.70205;35.5059;117.6405
Cement;0.91356;35.9861;118.9656
Cement;0.70205;35.58;118.8369
Cement;0.70205;34.8643;117.556
Cement;1.40409;35.1134;117.0647
Cement;2.70017;37.6905;120.5894
Cement;1.05307;35.6647;117.2522
Cement;0.22501;37.3517;118.0386
Cement;0.70205;35.2897;117.985
Cement;1.35009;37.0764;118.6187
Cement;0.70205;35.9689;117.6513
Cement;0.67504;35.9689;117.6513
Cement;0.67504;25.8312;104.3473
Cement;4.6398;34.9406;118.2274
Cement;0.84155;37.3519;118.0386
Cement;0.63004;37.0764;118.6187
Cement;0.35102;34.9406;118.2274
Cement;0.70205;36.6512;116.9974
Cement;0.42303;36.5536;116.752
Cement;1.40409;36.2894;116.456
Cement;0.63004;36.7174;119.0891
Cement;1.40409;36.4784;119.2178
Cement;0.35102;36.7087;118.8222
Cement;1.12507;37.4639;121.4451
Cement;0.49053;37.8114;120.7566
Cement;0.35102;35.4076;116.3403
Cement;0.64804;35.7904;118.6265
Cement;0.42303;34.5625;117.7314
Cement;1.40409;36.6434;117.9658
Cement;0.13951;37.4988;121.2659
Cement;0.13951;37.0856;120.9989
Cement;0.70205;34.8484;117.6863
Cement;0.16651;36.6669;117.6107
Cement;0.45003;36.6982;118.2191
Cement;0.70205;36.6451;117.9648
Cement;0.21151;31.2385;121.5734
Cement;1.40409;40.0054;113.1495
Cement;0.67504;36.3462;113.3974
Cement;0.56254;38.0583;112.6729
Cement;0.56254;39.3192;112.4331
Cement;0.21151;36.0012;111.1885
Cement;0.21151;37.8711;111.2523
Cement;0.13951;37.0708;113.6347
Cement;0.13951;38.0581;112.6708
Cement;0.99006;37.8593;112.5156
Cement;0.70205;37.6999;112.7045
Cement;0.27902;34.6646;109.2348
Cement;0.11251;30.5566;104.2747
Cement;0.22501;30.6814;103.8559
Cement;0.63004;31.0398;103.8079
Cement;0.63004;31.5386;104.5655
Cement;0.67504;31.7855;104.4378
Cement;0.35102;30.5876;103.5207
Cement;0.09001;32.082;108.0345
Cement;0.35102;30.7591;107.307
Cement;0;30.39;106.783
Cement;0.0675;33.2561;104.2486
Cement;4.77931;31.0076;104.0148
Cement;0.21151;32.2692;105.2127
Cement;0.56254;29.2551;105.0754
Cement;0.054;29.6919;103.9277
Cement;0.054;29.6919;103.9277
Cement;0.35102;28.471;102.4548
Cement;0.35102;31.5716;104.369
Cement;0.09001;31.3348;106.1562
Cement;0.054;32.4203;107.2916
Cement;0.09001;27.1423;102.4308
Cement;0.09001;29.3902;104.5833
Cement;1.26458;30.8331;107.4868
Cement;0.27902;29.7458;104.7046
Cement;0.64804;29.2881;105.6298
Cement;0.10351;31.9581;104.5861
Cement;0.35102;32.5766;107.3908
Cement;0.56254;30.2779;105.4221
Cement;1.40409;30.6505;107.3086
Cement;0.11251;31.2408;104.7029
Cement;0.13951;31.5724;104.3688
Cement;9.84214;29.833;103.8434
Cement;1.40409;29.9864;103.863
Cement;0.15751;30.6841;103.7782
Cement;0.27902;30.7673;107.0586
Cement;0.09901;30.7924;107.5238
Cement;0.09001;28.0744;106.3572
Cement;1.12507;31.7751;104.6032
Cement;0.35102;29.9073;103.3706
Cement;0.60304;30.39;106.783
Cement;0.0675;31.7569;104.7246
Cement;0.35102;29.2445;103.0788
Cement;1.03507;30.0423;103.8321
Cement;0.09001;31.5641;106.0116
Cement;0.35102;30.4798;106.6485
Cement;0.35102;26.6346;102.5782
Cement;0.35102;31.3168;104.5102
Cement;0.56254;30.7361;107.2044
Cement;0.35102;29.9141;102.2347
Cement;0.18001;28.8788;105.435
Cement;0.14851;31.3378;104.2208
Cement;0.054;30.193;103.8728
Cement;0.09001;30.8366;106.973
Cement;0.11701;29.9957;104.1341
Cement;0.09001;30.0672;102.7584
Cement;0.13501;29.7642;104.8521
Cement;0.09001;32.2291;106.2897
Cement;0.13501;29.2723;104.8742
Cement;0.35102;27.4224;101.5092
Cement;0.0675;28.5823;104.9211
Cement;0.063;30.952;107.3268
Cement;0.45003;29.5274;104.6689
Cement;1.64261;30.4103;103.4644
Cement;0.27002;30.1176;104.6522
Cement;0.09001;29.7642;104.8521
Cement;0.072;30.39;106.783
Cement;0.09001;30.0667;102.7584
Cement;0.072;32.082;108.0345
Cement;0.09001;29.5274;104.6689
Cement;0.063;30.1296;104.6324
Cement;0.09001;30.8238;104.158
Cement;0.13951;28.7314;103.808
Cement;0.09001;28.6382;103.9247
Cement;0.56254;31.8631;104.7664
Cement;0.56254;30.1859;106.8308
Cement;0.09001;29.3715;104.782
Cement;0.09001;29.1802;104.9751
Cement;0.0765;30.1176;104.6522
Cement;0.70205;39.2465;117.1186
Cement;0.27902;29.2592;92.0158
Cement;0.0585;30.1102;91.2304
Cement;0.0585;29.5917;91.2435
Cement;0.13951;29.3801;92.2706
Cement;0.018;29.3801;92.2706
Cement;0.0405;31.1407;97.1723
Cement;0.063;29.6467;91.0154
Cement;0.35102;29.6442;91.1122
Cement;0.063;29.2682;88.8766
Cement;0.35102;44.8539;82.0511
Cement;0.0225;47.112;87.4868
Cement;0.13951;46.793;85.7286
Cement;0.13951;46.793;85.7286
Cement;0.0675;44.056;80.879
Cement;0.0675;38.0372;78.475
Cement;0.0495;44.517;86.1347
Cement;0.90006;44.5011;86.1259
Cement;0.045;39.788;76.6605
Cement;0.37802;43.8266;87.6169
Cement;0.70205;43.8941;87.7666
Cement;1.35009;43.8266;87.6169
Cement;0.35102;42.8186;93.5154
Cement;0.13951;42.3227;86.3831
Cement;0.13951;42.7994;88.638
Cement;0.13951;42.8182;93.5154
Cement;0.31502;44.1574;87.9845
Cement;0.0585;39.4714;75.9945
Cement;0.054;24.6724;102.1592
Cement;0.054;25.7048;101.8722
Cement;0.16651;24.9564;102.6354
Cement;0.27902;26.6301;101.2639
Cement;0.98106;25.1392;100.312
Cement;0.21151;24.4552;102.8361
Cement;0.045;25.6742;104.2549
Cement;0.13951;24.127;102.794
Cement;0.036;25.4952;102.4289
Cement;0.35102;26.1853;104.1232
Cement;0.27902;24.7196;97.9515
Cement;0.70205;26.3039;100.6263
Cement;0.86856;24.9921;103.6196
Cement;0.072;24.0139;102.1731
Cement;0.054;24.3633;102.5458
Cement;0.54003;23.3607;104.2238
Cement;0.13951;25.6016;103.8198
Cement;0.13951;24.3417;102.5362
Cement;0.054;24.3608;102.4795
Cement;0.045;25.7075;103.861
Cement;0.56254;28.5573;104.3502
Cement;0.11251;27.3386;103.7143
Cement;0.036;24.6738;102.9082
Cement;0.036;24.1659;102.4051
Cement;0.45003;25.222;102.4977
Cement;0.045;25.6742;104.2549
Cement;0.22501;26.6292;101.2663
Cement;0.56254;27.3203;103.7059
Cement;0.054;26.0829;103.1877
Cement;0.0675;25.4821;103.3708
Cement;0.22501;25.1272;102.9988
Cement;0.42303;25.5432;102.8056
Cement;0.42303;25.2086;99.3251
Cement;0.17551;25.5894;103.0544
Cement;0.56254;25.0826;103.4545
Cement;0.35102;25.4709;103.3937
Cement;0.21151;25.0735;103.1134
Cement;0.27902;25.4821;103.3708
Cement;0.56254;24.1954;103.4521
Cement;0.36452;26.9026;100.5153
Cement;0.27902;26.4826;99.6193
Cement;0.27902;27.0589;101.4508
Cement;0.27902;24.4849;100.1527
Cement;0.11251;25.0885;104.119
Cement;0.045;25.4797;104.5242
Cement;0.09001;23.6117;103.6322
Cement;0.35102;23.6673;103.6134
Cement;0.054;25.8312;104.3473
Cement;0.70205;26.9337;100.3012
Cement;0.54003;22.7868;100.9769
Cement;0.27902;28.5984;103.9584
Cement;0.45003;30.7639;120.7092
Cement;0.35102;31.0266;119.9101
Cement;0.70205;30.118;120.2849
Cement;0.70205;29.7932;119.6915
Cement;0.70205;30.2756;120.4515
Cement;0.35102;30.1465;120.4948
Cement;0.45003;30.9213;120.0716
Cement;0.70205;30.9515;119.9822
Cement;0.49053;31.1071;119.743
Cement;0.70205;31.0266;119.9101
Cement;1.40409;31.01;119.9382
Cement;0.21151;30.8637;120.104
Cement;0.70205;30.8831;120.8645
Cement;0.49053;30.6773;120.6185
Cement;0.49053;30.6307;120.5643
Cement;0.70205;29.2554;119.2925
Cement;1.05307;28.7373;118.6269
Cement;0.56254;28.9014;118.5112
Cement;1.40409;28.9014;118.5112
Cement;10.05365;28.9014;118.5112
Cement;0.42303;29.4748;119.2812
Cement;0.70205;29.7932;119.6915
Cement;1.40409;29.4748;119.2812
Cement;0.27902;30.6382;119.6822
Cement;1.5751;28.7372;118.6269
Cement;0.63004;28.9014;118.5112
Cement;0.70205;29.0862;119.5715
Cement;0.27902;29.2084;119.4605
Cement;0.90006;30.0698;121.2621
Cement;0.56254;30.1908;120.4191
Cement;0.35102;29.8359;120.1691
Cement;1.40409;30.5617;119.512
Cement;0.35102;31.0279;119.9057
Cement;0.35102;30.58;120.1913
Cement;0.27902;30.465;120.9055
Cement;0.27902;30.7253;122.457
Cement;2.25015;28.6826;118.5514
Cement;0.56254;28.0775;119.1589
Cement;0.21151;30.5432;119.9748
Cement;0.70205;30.2384;120.3868
Cement;0.27902;29.2278;119.4759
Cement;0.54003;30.1322;121.1587
Cement;0.40503;30.2454;120.0537
Cement;0.42303;29.9867;119.6834
Cement;0.67504;30.6088;120.8212
Cement;0.21151;30.2301;119.829
Cement;0.27902;29.1443;119.5534
Cement;0.13951;29.7162;120.2312
Cement;0.70205;30.5239;120.4189
Cement;0.22501;30.941;119.9881
Cement;0.35102;30.9066;120.8377
Cement;0.99006;30.58;120.1913
Cement;0.315;30.5359;117.1048
Cement;0.702;32.2546;118.328
Cement;1.053;31.3536;118.4277
Cement;2.808;31.3536;118.4277
Cement;2.808;31.3536;118.4277
Cement;1.404;30.9413;118.754
Cement;4.923;30.6354;118.9867
Cement;10.265;30.9346;117.8089
Cement;1.404;30.5359;117.1048
Cement;4.212;30.5359;117.1048
Cement;2.39;30.6671;117.486
Cement;31.502;31.3536;118.4277
Cement;0.702;30.9413;118.754
Cement;0.167;32.2546;118.328
Cement;1.404;30.9413;118.754
Cement;1.35;31.6275;117.8842
Cement;0.351;30.5359;117.1048
Cement;0.279;40.139;117.1147
Cement;0.14;24.9039;118.5851
Cement;1.265;35.541;106.6799
Cement;0.702;34.5798;105.7063
Cement;1.404;23.6833;113.0506
Cement;2.808;23.6833;113.0506
Cement;5.553;22.1702;111.7872
Cement;5.202;22.4042;107.3528
Cement;1.404;22.6354;110.1498
Cement;0.702;22.6354;110.1498
Cement;5.063;25.2778;110.2918
Cement;0.63;26.3976;107.1874
Cement;0.63;26.5814;106.7053
Cement;1.404;38.04;114.47
Cement;1.053;38.04;114.47
Cement;0.63;36.5833;114.4833
Cement;0.63;36.5833;114.4833
Cement;0.563;38.858;115.4907
Cement;0.423;38.858;115.4907
Cement;0.423;40.8228;114.8806
Cement;0.563;40.8228;114.8806
Cement;0.279;36.1024;114.3363
Cement;0.491;36.1024;114.3363
Cement;0.563;35.2076;113.2534
Cement;1.179;30.4494;114.8653
Cement;1.179;30.5951;114.2999
Cement;0.63;29.3691;113.0955
Cement;1.332;29.0382;111.6882
Cement;0.702;27.7529;111.6764
Cement;0.702;27.7529;111.6764
Cement;0.702;26.4517;111.6031
Cement;0.702;28.4501;117.9724
Cement;0.702;27.8007;114.9333
Cement;3.6;29.6766;115.6764
Cement;0.14;41.1081;122.99
Cement;0.63;34.3646;107.2332
Cement;0.045;35.4763;110.4508
Cement;1.445;34.9035;108.9462
Cement;0.702;35.4125;116.5849
Cement;0.423;37.4619;121.4425
Cement;0.279;31.2408;121.592
Cement;0.212;31.2408;121.592
Cement;1.404;31.216;107.5028
Cement;1.769;31.1141;103.9219
Cement;0.099;30.4605;107.0408
Cement;0.117;25.0438;102.7143
Cement;1.404;30.249;120.2052
Cement;0.423;29.9992;120.5769
Chemicals;14.4663;23.1061;114.4141
Chemicals;2.74098;41.1169;122.0655
Chemicals;6.85246;41.1169;122.0655
Chemicals;9.13661;46.5969;125.1015
Chemicals;9.13661;46.5969;125.1015
Chemicals;15.22769;44.3278;84.8844
Chemicals;3.04554;41.8693;123.9242
Chemicals;12.18215;41.8693;123.9242
Chemicals;11.42077;43.8418;126.5605
Chemicals;3.65465;36.0607;103.8306
Chemicals;6.85246;36.0607;103.8306
Chemicals;3.04554;41.2739;123.1693
Chemicals;12.18215;30.7637;103.8646
Chemicals;10.81166;39.9062;116.3913
Chemicals;15.22769;24.9039;118.5851
Chemicals;3.19781;23.1302;113.2593
Chemicals;5.78652;21.6657;110.9196
Chemicals;9.44117;21.6657;110.9196
Chemicals;12.18337;36.8048;118.0444
Chemicals;16.75046;30.7448;121.3373
Chemicals;10.65938;30.7448;121.3373
Chemicals;2.13187;39.1236;117.1981
Chemicals;12.18215;30.5951;114.2999
Chemicals;11.41635;32.061;118.7916
Chemicals;3.80692;32.089;118.7922
Chemicals;9.89343;32.061;118.7916
Chemicals;15.22769;29.9514;121.712
Chemicals;3.19781;35.7631;115.0234
Chemicals;18.27323;39.1236;117.1981
Chemicals;10.05027;26.0775;119.2918
Chemicals;10.05022;29.8622;121.6204
Chemicals;9.13658;39.1236;117.1981
Chemicals;11.38856;37.4619;121.4425
Chemicals;9.13658;31.8783;120.5515
Chemicals;9.13675;29.8622;121.6204
Chemicals;6.85242;30.6782;121.0116
Chemicals;6.85242;29.9992;120.5769
Chemicals;4.56876;39.6081;109.7764
Chemicals;4.56876;38.2853;109.7288
Chemicals;2.51256;31.813;119.9692
Chemicals;3.04551;29.8622;121.6204
Chemicals;2.30316;39.6081;109.7764
Chemicals;4.56876;38.4829;106.2116
Chemicals;4.56876;34.5037;109.4573
Chemicals;4.18073;34.6093;119.1695
Chemicals;4.56876;38.2853;109.7288
Chemicals;2.58869;35.114;117.1599
Chemicals;4.56876;40.6549;109.8345
Chemicals;4.10744;42.94;89.184
Chemicals;4.56876;38.2853;109.7288
Chemicals;6.84759;39.6081;109.7764
Chemicals;6.84759;39.6081;109.7764
Chemicals;1.52275;35.7631;115.0234
Chemicals;2.05094;32.061;118.7916
Chemicals;2.05572;34.6148;118.3615
Chemicals;4.56831;30.7474;120.7511
Chemicals;7.61383;38.1594;106.5819
Chemicals;7.61383;38.1594;106.5819
Iron steel;2.79019;41.1081;122.99
Iron steel;2.79019;41.1081;122.99
Iron steel;2.79019;41.1081;122.99
Iron steel;2.79019;41.1081;122.99
Iron steel;2.23215;41.1081;122.99
Iron steel;1.81921;41.1081;122.99
Iron steel;2.04242;41.1081;122.99
Iron steel;2.04242;41.1081;122.99
Iron steel;3.68305;40.2683;122.1781
Iron steel;3.68305;40.2683;122.1781
Iron steel;4.50895;31.4066;121.4852
Iron steel;3.95091;31.4066;121.4852
Iron steel;4.50895;31.4066;121.4852
Iron steel;4.45315;31.4066;121.4852
Iron steel;3.90627;41.2976;123.7647
Iron steel;2.23215;41.2976;123.7647
Iron steel;2.56698;41.2976;123.7647
Iron steel;2.23215;41.2976;123.7647
Iron steel;0.35714;30.7637;103.8646
Iron steel;0.35714;30.7637;103.8646
Iron steel;0.37947;30.7637;103.8646
Iron steel;0.37947;30.7637;103.8646
Iron steel;0.29018;36.1829;113.0985
Iron steel;0.29018;36.1829;113.0985
Iron steel;0.29018;36.1829;113.0985
Iron steel;0.29018;36.1829;113.0985
Iron steel;0.36831;36.1829;113.0985
Iron steel;1.06027;36.1829;113.0985
Iron steel;0.32366;30.2134;115.067
Iron steel;0.27902;41.8012;124.7459
Iron steel;0.27902;41.8012;124.7459
Iron steel;0.26786;23.1302;113.2593
Iron steel;0.32366;23.1302;113.2593
Iron steel;2.56698;39.9978;118.6951
Iron steel;2.56698;39.9978;118.6951
Iron steel;3.79466;39.9978;118.6951
Iron steel;0.55804;31.216;107.5028
Iron steel;0.55804;31.216;107.5028
Iron steel;0.66965;31.216;107.5028
Iron steel;1.28349;31.216;107.5028
Iron steel;1.5067;39.7722;98.2885
Iron steel;0.92634;39.7722;98.2885
Iron steel;1.61831;39.7722;98.2885
Iron steel;2.23215;24.3211;109.4066
Iron steel;0.64732;24.3211;109.4066
Iron steel;2.23215;24.3211;109.4066
Iron steel;0.92634;24.3211;109.4066
Iron steel;0.87054;24.3211;109.4066
Iron steel;1.10492;24.3211;109.4066
Iron steel;1.3951;24.3211;109.4066
Iron steel;0.27902;37.0658;114.4922
Iron steel;0.27902;37.0658;114.4922
Iron steel;0.27902;37.0658;114.4922
Iron steel;0.27902;37.0658;114.4922
Iron steel;0.89286;37.0658;114.4922
Iron steel;0.3125;36.0885;111.513
Iron steel;0.3125;36.0885;111.513
Iron steel;0.3125;36.0885;111.513
Iron steel;0.3125;36.0885;111.513
Iron steel;0.3125;36.0885;111.513
Iron steel;0.33482;27.7529;111.6764
Iron steel;0.33482;27.7529;111.6764
Iron steel;0.29688;27.7529;111.6764
Iron steel;0.36831;27.7529;111.6764
Iron steel;2.18751;27.7529;111.6764
Iron steel;2.79019;27.7529;111.6764
Iron steel;2.79019;27.7529;111.6764
Iron steel;0.81474;27.834;112.9357
Iron steel;0.66965;27.834;112.9357
Iron steel;0.81474;27.834;112.9357
Iron steel;1.61831;27.834;112.9357
Iron steel;2.23215;27.834;112.9357
Iron steel;0.33482;31.403;120.7335
Iron steel;0.91518;27.8007;114.9333
Iron steel;0.91518;27.8007;114.9333
Iron steel;0.91518;27.8007;114.9333
Iron steel;2.34376;27.8007;114.9333
Iron steel;2.34376;27.8007;114.9333
Iron steel;0.08929;27.8007;114.9333
Iron steel;0.08929;27.8007;114.9333
Iron steel;1.61831;39.6296;118.1739
Iron steel;1.61831;39.6296;118.1739
Iron steel;2.23215;39.6296;118.1739
Iron steel;2.23215;39.6296;118.1739
Iron steel;2.846;39.6296;118.1739
Iron steel;0.43527;26.2368;117.6038
Iron steel;0.31697;26.2368;117.6038
Iron steel;0.31697;26.2368;117.6038
Iron steel;0.94867;26.2368;117.6038
Iron steel;1.11608;26.2368;117.6038
Iron steel;0.44643;36.0638;120.3781
Iron steel;0.44643;36.0638;120.3781
Iron steel;0.44643;36.0638;120.3781
Iron steel;0.98215;36.0638;120.3781
Iron steel;0.98215;36.0638;120.3781
Iron steel;1.3951;37.8562;112.5562
Iron steel;1.61831;37.8562;112.5562
Iron steel;3.57145;37.8562;112.5562
Iron steel;3.57145;37.8562;112.5562
Iron steel;0.95983;28.7585;106.1213
Iron steel;0.99331;28.7585;106.1213
Iron steel;2.23215;28.7585;106.1213
Iron steel;1.11608;28.7585;106.1213
Iron steel;1.56251;39.1236;117.1981
Iron steel;2.79019;39.1236;117.1981
Iron steel;0.97099;39.1236;117.1981
Iron steel;0.61384;39.1236;117.1981
Iron steel;0.59152;25.0438;102.7143
Iron steel;1.72992;25.0438;102.7143
Iron steel;1.11608;25.0438;102.7143
Iron steel;2.17635;25.0438;102.7143
Iron steel;2.17635;25.0438;102.7143
Iron steel;0.55804;30.249;120.2052
Iron steel;1.22768;30.249;120.2052
Iron steel;0.36831;30.249;120.2052
Iron steel;0.36831;30.249;120.2052
Iron steel;2.00894;30.5951;114.2999
Iron steel;2.18751;30.5951;114.2999
Iron steel;3.01341;30.5951;114.2999
Iron steel;3.01341;30.5951;114.2999
Iron steel;3.01341;30.5951;114.2999
Iron steel;3.90627;30.5951;114.2999
Iron steel;2.79019;36.5833;114.4833
Iron steel;2.79019;36.5833;114.4833
Iron steel;0.70313;36.5833;114.4833
Iron steel;1.56251;36.5833;114.4833
Iron steel;1.56251;36.5833;114.4833
Iron steel;2.86832;36.5833;114.4833
Iron steel;2.86832;36.5833;114.4833
Iron steel;1.08259;36.7072;119.1557
Iron steel;1.17188;36.7072;119.1557
Iron steel;2.41073;31.6866;118.5048
Iron steel;0.89286;31.6866;118.5048
Iron steel;2.45537;31.6866;118.5048
Iron steel;3.67189;31.6866;118.5048
Iron steel;3.67189;31.6866;118.5048
Iron steel;0.20089;31.7515;117.3319
Iron steel;0.20089;31.7515;117.3319
Iron steel;0.20089;31.7515;117.3319
Iron steel;0.20089;31.7515;117.3319
Iron steel;1.1942;32.061;118.7916
Iron steel;2.75001;32.061;118.7916
Iron steel;3.64957;32.061;118.7916
Iron steel;0.25112;35.0945;112.5811
Iron steel;0.25112;35.0945;112.5811
Iron steel;0.25112;35.0945;112.5811
Iron steel;0.25112;35.0945;112.5811
Iron steel;0.50223;35.0945;112.5811
Iron steel;0.40179;28.6793;115.8886
Iron steel;0.36831;28.6793;115.8886
Iron steel;0.92634;28.6793;115.8886
Iron steel;0.50223;41.2976;123.7647
Iron steel;0.50223;41.2976;123.7647
Iron steel;0.50223;41.2976;123.7647
Iron steel;0.50223;41.2976;123.7647
Iron steel;0.50223;41.2976;123.7647
Iron steel;0.50223;41.2976;123.7647
Iron steel;0.50223;41.2976;123.7647
Iron steel;0.61384;41.2976;123.7647
Iron steel;0.61384;41.2976;123.7647
Iron steel;0.61384;41.2976;123.7647
Iron steel;0.61384;41.2976;123.7647
Iron steel;2.9576;41.2976;123.7647
Iron steel;2.23215;40.9577;117.9543
Iron steel;0.61384;40.9577;117.9543
Iron steel;0.61384;40.9577;117.9543
Iron steel;4.58708;21.0814;109.9714
Iron steel;4.58708;21.0814;109.9714
Iron steel;0.50223;31.8783;120.5515
Iron steel;0.50223;31.8783;120.5515
Iron steel;0.55804;31.8783;120.5515
Iron steel;2.34376;31.8783;120.5515
Iron steel;2.39957;31.8783;120.5515
Iron steel;2.45537;31.8783;120.5515
Iron steel;5.58039;31.8783;120.5515
Iron steel;0.55804;35.4151;119.5215
Iron steel;0.61384;35.4151;119.5215
Iron steel;0.61384;35.4151;119.5215
Iron steel;0.61384;35.4151;119.5215
Iron steel;0.61384;35.4151;119.5215
Iron steel;0.61384;35.4151;119.5215
Iron steel;0.68081;35.4151;119.5215
Iron steel;0.68081;35.4151;119.5215
Iron steel;0.68081;35.4151;119.5215
Iron steel;0.68081;35.4151;119.5215
Iron steel;1.00447;35.4151;119.5215
Iron steel;1.00447;35.4151;119.5215
Iron steel;1.00447;35.4151;119.5215
Iron steel;1.00447;35.4151;119.5215
Iron steel;1.00447;35.4151;119.5215
Iron steel;1.00447;35.4151;119.5215
Iron steel;2.79019;35.4151;119.5215
Iron steel;2.79019;35.4151;119.5215
Iron steel;0.5692;36.2031;117.6541
Iron steel;0.5692;36.2031;117.6541
Iron steel;1.78572;36.2031;117.6541
Iron steel;1.95313;36.2031;117.6541
Iron steel;3.23662;36.2031;117.6541
Iron steel;1.00447;36.0634;116.124
Iron steel;1.00447;36.0634;116.124
Iron steel;0.33482;40.4938;115.0256
Iron steel;0.33482;40.4938;115.0256
Iron steel;0.33482;40.4938;115.0256
Iron steel;0.33482;40.4938;115.0256
Iron steel;0.97099;40.4938;115.0256
Iron steel;0.45759;40.4938;115.0256
Iron steel;1.56251;40.4938;115.0256
Iron steel;2.23215;40.4938;115.0256
Iron steel;0.39063;30.7637;103.8646
Iron steel;0.39063;30.7637;103.8646
Iron steel;0.27902;32.061;118.7916
Iron steel;0.27902;32.061;118.7916
Iron steel;0.33482;32.061;118.7916
Iron steel;0.33482;32.061;118.7916
Iron steel;0.39063;32.061;118.7916
Iron steel;1.78572;32.061;118.7916
Iron steel;2.18751;32.061;118.7916
Iron steel;1.84153;32.061;118.7916
Iron steel;0.35714;24.6921;113.5777
Iron steel;0.39621;24.6921;113.5777
Iron steel;0.39621;24.6921;113.5777
Iron steel;0.39621;24.6921;113.5777
Iron steel;0.39621;24.6921;113.5777
Iron steel;0.72545;24.6921;113.5777
Iron steel;2.00894;24.6921;113.5777
Iron steel;2.79019;24.6921;113.5777
Iron steel;1.46206;36.6507;117.114
Iron steel;1.46206;36.6507;117.114
Iron steel;1.46206;36.6507;117.114
Iron steel;3.06921;36.6507;117.114
Iron steel;0.50223;36.6507;117.114
Iron steel;0.50223;36.6507;117.114
Iron steel;0.50223;36.6507;117.114
Iron steel;0.50223;36.6507;117.114
Iron steel;0.50223;36.6507;117.114
Iron steel;0.50223;36.6507;117.114
Iron steel;1.28349;36.6042;117.9538
Iron steel;1.28349;36.6042;117.9538
Iron steel;0.55804;39.6296;118.1739
Iron steel;0.55804;39.6296;118.1739
Iron steel;0.55804;39.6296;118.1739
Iron steel;2.17635;43.4198;87.3195
Iron steel;2.23215;43.4198;87.3195
Iron steel;2.23215;43.4198;87.3195
Iron steel;0.50223;27.8984;102.2628
Iron steel;0.50223;27.8984;102.2628
Iron steel;1.5067;27.8984;102.2628
Iron steel;1.5067;27.8984;102.2628
Iron steel;1.5067;27.8984;102.2628
Iron steel;0.33482;36.1024;114.3363
Iron steel;0.33482;36.1024;114.3363
Iron steel;0.33482;36.1024;114.3363
Iron steel;0.33482;36.1024;114.3363
Iron steel;0.33482;36.1024;114.3363
Iron steel;1.95313;36.1024;114.3363
Iron steel;2.51117;36.1024;114.3363
Iron steel;4.24109;36.1024;114.3363
Iron steel;2.00894;30.4079;114.8784
Iron steel;1.67412;30.4079;114.8784
Iron steel;0.65849;30.4079;114.8784
Iron steel;0.65849;30.4079;114.8784
Iron steel;2.45537;42.1239;125.8483
Iron steel;2.45537;42.1239;125.8483
Iron steel;0.37947;42.1239;125.8483
Iron steel;0.37947;42.1239;125.8483
Iron steel;0.83706;42.1239;125.8483
Iron steel;0.44643;27.6256;113.8457
Iron steel;0.44643;27.6256;113.8457
Iron steel;0.44643;27.6256;113.8457
Iron steel;0.87054;26.1275;104.759
Iron steel;0.70313;26.1275;104.759
Iron steel;0.70313;26.1275;104.759
Iron steel;2.23215;26.1275;104.759
Iron steel;0.20089;38.04;114.47
Iron steel;0.3125;38.04;114.47
Iron steel;0.3125;38.04;114.47
Iron steel;0.36831;38.04;114.47
Iron steel;0.44643;37.031;111.9154
Iron steel;0.44643;37.031;111.9154
Iron steel;1.09376;37.031;111.9154
Iron steel;1.22768;33.069;107.0189
Iron steel;1.22768;33.069;107.0189
Iron steel;0.87054;26.9018;112.6059
Iron steel;0.40179;40.2146;118.1983
Iron steel;0.40179;40.2146;118.1983
Iron steel;0.40179;40.2146;118.1983
Iron steel;0.40179;40.2146;118.1983
Iron steel;0.40179;40.2146;118.1983
Iron steel;0.40179;40.2146;118.1983
Iron steel;0.50223;40.6747;122.2358
Iron steel;0.50223;40.6747;122.2358
Iron steel;0.50223;40.6747;122.2358
Iron steel;0.50223;40.6747;122.2358
Iron steel;2.10939;40.6747;122.2358
Iron steel;2.10939;40.6747;122.2358
Iron steel;4.89958;39.193;118.4505
Iron steel;4.89958;39.193;118.4505
Iron steel;0.49107;29.1749;103.5612
Iron steel;0.49107;29.1749;103.5612
Iron steel;1.31697;29.1749;103.5612
Iron steel;0.94867;35.3901;111.3076
Iron steel;1.33929;35.3901;111.3076
Iron steel;0.66965;35.3901;111.3076
Iron steel;0.66965;35.3901;111.3076
Iron steel;0.66965;35.3901;111.3076
Iron steel;0.66965;35.3901;111.3076
Iron steel;0.50223;36.1024;114.3363
Iron steel;0.50223;36.1024;114.3363
Iron steel;1.56251;29.7275;115.9913
Iron steel;0.68081;39.6296;118.1739
Iron steel;0.68081;39.6296;118.1739
Iron steel;0.55804;36.2031;117.6541
Iron steel;0.55804;36.2031;117.6541
Iron steel;0.55804;36.2031;117.6541
Iron steel;0.55804;36.2031;117.6541
Iron steel;0.33482;36.2031;117.6541
Iron steel;1.67412;36.2031;117.6541
Iron steel;2.23215;41.4961;120.1445
Iron steel;2.23215;38.3043;116.8512
Iron steel;2.56698;39.6296;118.1739
Iron steel;2.56698;39.6296;118.1739
Iron steel;2.56698;39.6296;118.1739
Iron steel;0.59152;31.813;119.9692
Iron steel;0.59152;31.813;119.9692
Iron steel;0.59152;31.813;119.9692
Iron steel;0.61384;31.813;119.9692
Iron steel;2.23215;33.2725;111.554
Iron steel;1.09376;35.5753;110.3614
Iron steel;1.09376;35.5753;110.3614
Iron steel;1.09376;35.5753;110.3614
Iron steel;1.09376;35.5753;110.3614
Iron steel;0.47991;27.6829;111.5033
Iron steel;0.47991;27.6829;111.5033
Iron steel;1.11608;39.1236;117.1981
Iron steel;1.56251;39.1236;117.1981
Iron steel;0.37947;36.7338;113.8933
Iron steel;0.37947;36.7338;113.8933
Iron steel;0.37947;36.7338;113.8933
Iron steel;0.37947;36.7338;113.8933
Iron steel;0.5134;36.7338;113.8933
Iron steel;0.68081;36.7338;113.8933
Iron steel;1.22768;36.7338;113.8933
Iron steel;1.22768;36.7338;113.8933
Iron steel;0.94867;37.2659;111.2136
Iron steel;0.94867;37.2659;111.2136
Iron steel;1.67412;47.5391;130.4626
Iron steel;1.18304;39.9396;119.5894
Iron steel;1.67412;39.9396;119.5894
Iron steel;0.55804;39.9978;118.6951
Iron steel;0.55804;39.9978;118.6951
Iron steel;0.61384;39.9978;118.6951
Iron steel;0.61384;39.9978;118.6951
Iron steel;1.33929;39.6038;118.4931
Iron steel;0.94867;23.1152;109.596
Iron steel;1.61831;36.2031;117.6541
Iron steel;1.38394;31.813;119.9692
Iron steel;1.38394;31.813;119.9692
Iron steel;1.38394;31.813;119.9692
Iron steel;1.11608;39.7153;76.166
Iron steel;4.52011;35.4151;119.5215
Iron steel;0.00112;41.1081;122.99
Iron steel;0.00112;41.1081;122.99
Iron steel;0.55804;46.5227;132.6455
Iron steel;0.55804;46.5227;132.6455
Iron steel;1.00447;47.4762;129.3014
Iron steel;0.49107;24.8377;102.4027
Iron steel;0.49107;24.8377;102.4027
Iron steel;1.06027;24.8377;102.4027
Iron steel;1.67412;34.5663;119.1084
Iron steel;1.67412;34.5663;119.1084
Iron steel;0.66965;39.1236;117.1981
Iron steel;0.22322;31.6866;118.5048
Iron steel;1.67412;43.4198;87.3195
Iron steel;0.0558;36.2031;117.6541
Iron steel;0.0279;41.4143;119.817
Iron steel;0.50223;39.1236;117.1981
Iron steel;1.11608;31.4066;121.4852
Iron steel;0.44643;30.2134;115.067
Iron steel;0.50223;23.1302;113.2593
Iron steel;0.66965;31.403;120.7335
Iron steel;0.78125;43.4198;87.3195
Iron steel;0.89286;43.4198;87.3195
Iron steel;1.11608;30.249;120.2052
Iron steel;0.44643;41.1081;122.99
Iron steel;0.00112;31.7777;104.7344
Iron steel;0.00112;31.7777;104.7344
Iron steel;0.04464;31.7777;104.7344
Iron steel;0.00112;31.7777;104.7344
Iron steel;0.00112;31.7777;104.7344
Iron steel;0.00112;31.7777;104.7344
Iron steel;0.66965;30.7637;103.8646
Iron steel;0.14509;26.0775;119.2918
Iron steel;0.89286;38.9182;121.6283
Iron steel;0.17857;38.9182;121.6283
Iron steel;0.17857;38.9182;121.6283
Iron steel;0.04464;30.2134;115.067
Iron steel;0.02232;30.2134;115.067
Iron steel;0.02232;30.2134;115.067
Iron steel;0.02232;30.2134;115.067
Iron steel;0.02232;30.2134;115.067
Iron steel;0.02232;30.2134;115.067
Iron steel;0.16741;30.2134;115.067
Iron steel;0.00112;41.8693;123.9242
Iron steel;0.00112;41.8693;123.9242
Iron steel;0.00112;41.8693;123.9242
Iron steel;0.00112;41.8693;123.9242
Iron steel;0.00112;41.8693;123.9242
Iron steel;0.00112;41.8693;123.9242
Iron steel;0.00112;41.8693;123.9242
Iron steel;0.44643;41.8693;123.9242
Iron steel;0.24554;41.8012;124.7459
Iron steel;0.24554;41.8012;124.7459
Iron steel;0.24554;41.8012;124.7459
Iron steel;0.44643;23.1302;113.2593
Iron steel;0.66965;39.7722;98.2885
Iron steel;0.89286;23.1302;113.2593
Iron steel;0.00112;47.3524;123.9165
Iron steel;0.44643;47.3524;123.9165
Iron steel;0.00112;47.3524;123.9165
Iron steel;0.00112;47.3524;123.9165
Iron steel;0.22322;47.3524;123.9165
Iron steel;0.55804;47.3524;123.9165
Iron steel;0.17857;27.8007;114.9333
Iron steel;0.17857;27.8007;114.9333
Iron steel;0.33482;41.8041;123.4276
Iron steel;0.00112;34.3468;108.9366
Iron steel;0.00112;34.3468;108.9366
Iron steel;0.33482;37.8562;112.5562
Iron steel;0.22322;37.8562;112.5562
Iron steel;0.66965;37.8562;112.5562
Iron steel;0.89286;37.8562;112.5562
Iron steel;1.33929;39.1236;117.1981
Iron steel;1.11608;39.1236;117.1981
Iron steel;0.61384;31.7036;119.9378
Iron steel;1.11608;31.6866;118.5048
Iron steel;0.22322;28.6793;115.8886
Iron steel;0.22322;28.6793;115.8886
Iron steel;0.61384;31.5776;120.2951
Iron steel;0.44643;23.3953;113.1662
Iron steel;0.89286;31.8783;120.5515
Iron steel;0.78125;31.5776;120.2951
Iron steel;0.55804;31.8783;120.5515
Iron steel;0.89286;31.8783;120.5515
Iron steel;1.11608;31.8783;120.5515
Iron steel;1.20536;31.8783;120.5515
Iron steel;1.20536;31.8783;120.5515
Iron steel;1.22768;31.8783;120.5515
Iron steel;0.55804;36.2031;117.6541
Iron steel;0.07031;36.2031;117.6541
Iron steel;0.07031;36.2031;117.6541
Iron steel;0.07031;36.2031;117.6541
Iron steel;0.07031;36.2031;117.6541
Iron steel;0.00112;30.7637;103.8646
Iron steel;1.11608;23.1302;113.2593
Iron steel;1.11608;23.1302;113.2593
Iron steel;0.89286;32.061;118.7916
Iron steel;0.89286;24.6921;113.5777
Iron steel;0.20089;36.6042;117.9538
Iron steel;0.20089;36.6042;117.9538
Iron steel;0.22322;26.5814;106.7053
Iron steel;0.33482;26.5814;106.7053
Iron steel;0.66965;30.7474;120.7511
Iron steel;0.78125;36.1024;114.3363
Iron steel;0.66965;30.4079;114.8784
Iron steel;0.66965;42.1239;125.8483
Iron steel;0.80358;31.2253;121.489
Iron steel;0.80358;31.2253;121.489
Iron steel;0.11161;26.9018;112.6059
Iron steel;0.11161;26.9018;112.6059
Iron steel;0.66965;26.9018;112.6059
Iron steel;0.44643;38.9182;121.6283
Iron steel;0.33482;36.2031;117.6541
Iron steel;0.33482;36.2031;117.6541
Iron steel;1.00447;31.813;119.9692
Iron steel;0.66965;32.1764;120.9639
Iron steel;0.33482;39.1236;117.1981
Iron steel;0.22322;39.1236;117.1981
Iron steel;0.22322;39.1236;117.1981
Iron steel;0.66965;30.7474;120.7511
Iron steel;0.11161;31.2253;121.489
Iron steel;0.11161;31.2253;121.489
Iron steel;2.00894;32.011;119.6013
Iron steel;0.80358;24.5082;117.6496
Iron steel;0.24554;35.0909;112.4018
Iron steel;0.24554;35.0909;112.4018
Iron steel;0.27902;35.6303;116.9721
Iron steel;0.27902;35.6303;116.9721
Iron steel;0.06696;30.8943;120.0851
Iron steel;0.06696;30.8943;120.0851
Iron steel;0.06696;30.8943;120.0851
Iron steel;0.06696;30.8943;120.0851
Iron steel;5.02235;41.1081;122.99
Iron steel;3.45984;41.1081;122.99
Iron steel;5.58039;41.1081;122.99
Iron steel;3.51564;41.1081;122.99
Iron steel;7.2545;40.2683;122.1781
Iron steel;8.3929;31.4066;121.4852
Iron steel;7.2545;31.4066;121.4852
Iron steel;4.79913;41.2976;123.7647
Iron steel;6.02682;41.2976;123.7647
Iron steel;0.64732;30.7637;103.8646
Iron steel;0.89286;30.7637;103.8646
Iron steel;1.3951;36.1829;113.0985
Iron steel;2.67859;36.1829;113.0985
Iron steel;0.74777;41.8012;124.7459
Iron steel;0.89286;23.1302;113.2593
Iron steel;1.33929;23.1302;113.2593
Iron steel;7.03129;39.9978;118.6951
Iron steel;4.79913;39.9978;118.6951
Iron steel;0.61384;31.216;107.5028
Iron steel;1.20536;31.216;107.5028
Iron steel;3.90627;31.216;107.5028
Iron steel;1.11608;39.7722;98.2885
Iron steel;4.01788;39.7722;98.2885
Iron steel;1.57367;24.3211;109.4066
Iron steel;3.68305;24.3211;109.4066
Iron steel;5.02235;24.3211;109.4066
Iron steel;2.00894;37.0658;114.4922
Iron steel;1.67412;36.0885;111.513
Iron steel;3.68305;27.7529;111.6764
Iron steel;6.02682;27.7529;111.6764
Iron steel;0.78125;27.7529;111.6764
Iron steel;5.02235;27.834;112.9357
Iron steel;2.67859;27.834;112.9357
Iron steel;0.2567;31.403;120.7335
Iron steel;4.01788;27.8007;114.9333
Iron steel;5.02235;27.8007;114.9333
Iron steel;5.35717;39.6296;118.1739
Iron steel;2.79019;39.6296;118.1739
Iron steel;0.66965;26.2368;117.6038
Iron steel;2.45537;26.2368;117.6038
Iron steel;1.33929;36.0638;120.3781
Iron steel;2.23215;36.0638;120.3781
Iron steel;1.67412;37.8562;112.5562
Iron steel;0.39063;37.8562;112.5562
Iron steel;4.01788;28.7585;106.1213
Iron steel;2.9018;28.7585;106.1213
Iron steel;4.46431;39.1236;117.1981
Iron steel;1.11608;25.0438;102.7143
Iron steel;2.23215;25.0438;102.7143
Iron steel;4.3527;25.0438;102.7143
Iron steel;1.09376;30.249;120.2052
Iron steel;2.00894;30.5951;114.2999
Iron steel;2.67859;30.5951;114.2999
Iron steel;8.14736;30.5951;114.2999
Iron steel;5.58039;30.5951;114.2999
Iron steel;5.00003;36.5833;114.4833
Iron steel;4.096;36.5833;114.4833
Iron steel;5.8036;36.5833;114.4833
Iron steel;3.01341;36.7072;119.1557
Iron steel;4.46431;31.6866;118.5048
Iron steel;2.23215;31.6866;118.5048
Iron steel;2.56698;31.6866;118.5048
Iron steel;9.15183;31.6866;118.5048
Iron steel;0.89286;31.7515;117.3319
Iron steel;4.01788;32.061;118.7916
Iron steel;4.57592;32.061;118.7916
Iron steel;0.66965;35.0945;112.5811
Iron steel;1.56251;35.0945;112.5811
Iron steel;2.39957;28.6793;115.8886
Iron steel;3.12502;41.2976;123.7647
Iron steel;4.6094;41.2976;123.7647
Iron steel;1.33929;40.9577;117.9543
Iron steel;3.68305;40.9577;117.9543
Iron steel;1.78572;40.9577;117.9543
Iron steel;9.96434;21.0814;109.9714
Iron steel;2.79019;31.8783;120.5515
Iron steel;7.2545;31.8783;120.5515
Iron steel;7.2545;31.8783;120.5515
Iron steel;1.20536;35.4151;119.5215
Iron steel;3.57145;35.4151;119.5215
Iron steel;6.69646;35.4151;119.5215
Iron steel;8.7054;35.4151;119.5215
Iron steel;1.4509;36.2031;117.6541
Iron steel;4.24109;36.2031;117.6541
Iron steel;2.34376;36.0634;116.124
Iron steel;0.89286;40.4938;115.0256
Iron steel;2.67859;40.4938;115.0256
Iron steel;2.23215;40.4938;115.0256
Iron steel;2.9018;32.061;118.7916
Iron steel;4.3527;32.061;118.7916
Iron steel;0.89286;24.6921;113.5777
Iron steel;4.3527;24.6921;113.5777
Iron steel;2.9018;24.6921;113.5777
Iron steel;5.13395;36.6507;117.114
Iron steel;4.24109;36.6507;117.114
Iron steel;2.70091;36.6507;117.114
Iron steel;2.45537;36.6042;117.9538
Iron steel;1.78572;39.6296;118.1739
Iron steel;5.02235;43.4198;87.3195
Iron steel;1.22768;27.8984;102.2628
Iron steel;4.24109;27.8984;102.2628
Iron steel;1.22768;36.1024;114.3363
Iron steel;5.8036;36.1024;114.3363
Iron steel;1.67412;30.4079;114.8784
Iron steel;3.90627;30.4079;114.8784
Iron steel;1.5067;42.1239;125.8483
Iron steel;4.79913;42.1239;125.8483
Iron steel;2.45537;31.2253;121.489
Iron steel;1.11608;27.6256;113.8457
Iron steel;1.67412;27.6256;113.8457
Iron steel;0.78125;26.1275;104.759
Iron steel;2.56698;26.1275;104.759
Iron steel;1.5067;38.04;114.47
Iron steel;0.22322;38.04;114.47
Iron steel;2.06474;37.031;111.9154
Iron steel;2.9018;33.069;107.0189
Iron steel;1.22768;40.2146;118.1983
Iron steel;4.01788;40.2146;118.1983
Iron steel;4.18529;40.6747;122.2358
Iron steel;10.82595;39.193;118.4505
Iron steel;2.12055;29.1749;103.5612
Iron steel;3.23662;35.3901;111.3076
Iron steel;2.45537;35.3901;111.3076
Iron steel;0.89286;36.1024;114.3363
Iron steel;3.34823;36.1024;114.3363
Iron steel;3.12502;29.7275;115.9913
Iron steel;1.78572;39.6296;118.1739
Iron steel;1.33929;36.2031;117.6541
Iron steel;2.28796;41.4961;120.1445
Iron steel;1.84153;22.2305;113.5462
Iron steel;2.00894;38.3043;116.8512
Iron steel;1.56251;36.5387;114.432
Iron steel;6.69646;39.6296;118.1739
Iron steel;2.00894;31.813;119.9692
Iron steel;3.68305;33.2725;111.554
Iron steel;2.00894;35.5753;110.3614
Iron steel;2.9018;35.5753;110.3614
Iron steel;2.06474;38.9374;116.9437
Iron steel;0.66965;39.1236;117.1981
Iron steel;3.90627;39.1236;117.1981
Iron steel;0.83706;36.7338;113.8933
Iron steel;1.3951;36.7338;113.8933
Iron steel;4.3527;36.7338;113.8933
Iron steel;2.67859;37.2659;111.2136
Iron steel;3.57145;39.9396;119.5894
Iron steel;0.55804;34.2649;108.9688
Iron steel;1.78572;39.9978;118.6951
Iron steel;0.89286;39.9978;118.6951
Iron steel;2.34376;30.5;102.5
Iron steel;1.56251;36.2031;117.6541
Iron steel;5.02235;31.813;119.9692
Iron steel;1.11608;39.7153;76.166
Iron steel;9.48666;35.4151;119.5215
Iron steel;1.4509;41.1081;122.99
Iron steel;1.33929;46.5227;132.6455
Iron steel;0.89286;31.3536;118.4277
Iron steel;1.4509;47.4762;129.3014
Iron steel;1.00447;24.8377;102.4027
Iron steel;1.11608;24.8377;102.4027
Iron steel;3.34823;34.5663;119.1084
Iron steel;3.45984;40.1884;117.9605
Power;9.0933;32.9176;117.3826
Power;8.87679;31.7515;117.3319
Power;9.52631;31.3536;118.4277
Power;9.52631;33.9566;116.7929
Power;9.52631;31.6866;118.5048
Power;4.61882;30.5359;117.1048
Power;5.05183;33.6482;116.9588
Power;11.54704;30.9346;117.8089
Power;13.42344;32.5867;117.013
Power;4.33014;32.5867;117.013
Power;9.23764;32.5867;117.013
Power;8.66028;31.6866;118.5048
Power;4.61882;33.9566;116.7929
Power;5.05183;31.7515;117.3319
Power;9.23764;32.8927;115.809
Power;4.61882;30.6671;117.486
Power;8.66028;31.7515;117.3319
Power;9.52631;31.6866;118.5048
Power;9.0933;33.6482;116.9588
Power;4.33014;30.9413;118.754
Power;9.0933;32.5867;117.013
Power;4.76316;32.5867;117.013
Power;9.0933;30.9346;117.8089
Power;9.23764;32.5867;117.013
Power;18.61961;32.5867;117.013
Power;9.52631;31.3536;118.4277
Power;4.47448;33.9566;116.7929
Power;1.58772;39.9062;116.3913
Power;2.88676;39.9062;116.3913
Power;4.78481;39.9062;116.3913
Power;4.33014;29.5586;106.5493
Power;13.85645;29.5586;106.5493
Power;9.0933;29.5586;106.5493
Power;4.33014;29.5586;106.5493
Power;4.33014;29.5586;106.5493
Power;18.18659;26.6656;119.5225
Power;17.32057;26.0775;119.2918
Power;30.31099;24.5082;117.6496
Power;5.22504;25.4342;119.0075
Power;14.00079;24.9039;118.5851
Power;8.66028;24.7338;118.6439
Power;4.33014;26.2368;117.6038
Power;4.33014;25.0974;117.0151
Power;8.66028;24.4758;118.0747
Power;14.57814;26.0775;119.2918
Power;8.66028;26.0775;119.2918
Power;4.33014;36.0607;103.8306
Power;4.69099;38.9365;100.4556
Power;4.54665;36.0607;103.8306
Power;4.76316;36.0607;103.8306
Power;4.76316;39.7321;98.4937
Power;9.52631;35.541;106.6799
Power;9.52631;38.5207;102.186
Power;4.76316;36.0607;103.8306
Power;4.76316;36.0607;103.8306
Power;4.47448;34.5798;105.7063
Power;17.32057;35.541;106.6799
Power;9.52631;36.5459;104.134
Power;9.52631;36.5459;104.134
Power;8.66028;21.0814;109.9714
Power;4.33014;24.8134;113.5924
Power;14.28947;23.1302;113.2593
Power;4.33014;22.9174;112.0396
Power;10.10366;22.2305;113.5462
Power;4.33014;23.0248;113.1146
Power;4.47448;23.1302;113.2593
Power;8.66028;22.5555;114.0543
Power;8.66028;23.7468;114.6954
Power;8.66028;21.8526;111.9594
Power;18.18659;22.7894;115.3722
Power;8.66028;23.3564;116.6776
Power;4.33014;23.1302;113.2593
Power;8.66028;22.2305;113.5462
Power;14.43381;23.3564;116.6776
Power;9.52631;23.1061;114.4141
Power;8.66028;23.0248;113.1146
Power;4.33014;24.8134;113.5924
Power;6.49521;21.6657;110.9196
Power;36.08451;23.1302;113.2593
Power;23.09409;23.6566;116.6205
Power;8.66028;24.3054;116.1177
Power;23.09409;23.5431;116.3497
Power;4.33014;23.0248;113.1146
Power;9.59848;23.7497;109.2196
Power;4.61882;25.2778;110.2918
Power;9.0933;23.1152;109.596
Power;9.52631;22.8212;108.316
Power;4.33014;23.7497;109.2196
Power;4.61882;21.4799;109.1068
Power;5.19617;24;109
Power;9.0933;21.9647;108.6209
Power;9.0933;21.6178;108.3454
Power;17.32057;26.5928;104.8393
Power;8.66028;26.7327;106.3483
Power;4.33014;27.7223;109.1838
Power;8.66028;26.2497;105.9278
Power;8.66028;27.3053;105.2778
Power;8.66028;27.3053;105.2778
Power;8.66028;27.3053;105.2778
Power;17.32057;26.5928;104.8393
Power;8.66028;27.3053;105.2778
Power;8.66028;26.5738;108.5991
Power;8.66028;27.3053;105.2778
Power;4.33014;26.5928;104.8393
Power;4.33014;27.7294;106.9232
Power;10.10366;19.2;109.6
Power;4.76316;19.2;109.6
Power;8.66028;36.5833;114.4833
Power;4.76316;38.858;115.4907
Power;223.36314;36.5833;114.4833
Power;5.80961;36.5833;114.4833
Power;9.52631;36.5833;114.4833
Power;7.14473;40.9577;117.9543
Power;4.61882;39.6296;118.1739
Power;4.33014;39.6296;118.1739
Power;18.18659;38.858;115.4907
Power;4.33014;39.6296;118.1739
Power;9.52631;36.5833;114.4833
Power;9.38197;39.5128;116.6997
Power;9.0933;37.7364;115.6677
Power;4.76316;40.8228;114.8806
Power;12.99042;38.04;114.47
Power;4.33014;39.9396;119.5894
Power;8.66028;39.6296;118.1739
Power;13.42344;38.04;114.47
Power;4.76316;40.8228;114.8806
Power;4.33014;40.8228;114.8806
Power;10.82535;40.8228;114.8806
Power;18.18659;38.3043;116.8512
Power;4.76316;38.04;114.47
Power;4.33014;38.04;114.47
Power;4.33014;38.858;115.4907
Power;4.33014;37.0658;114.4922
Power;4.33014;39.9396;119.5894
Power;13.71212;45.77;131.0075
Power;8.66028;47.3356;130.2837
Power;4.33014;47.3524;123.9165
Power;4.33014;45.7657;126.6161
Power;8.66028;45.7657;126.6161
Power;4.33014;46.8088;130.3735
Power;4.33014;45.2929;130.9619
Power;4.33014;44.5498;129.626
Power;8.66028;46.5227;132.6455
Power;2.38158;46.5969;125.1015
Power;4.33014;45.7657;126.6161
Power;4.33014;33.0116;114.0165
Power;8.94896;36.1024;114.3363
Power;9.0933;34.4171;115.6509
Power;8.66028;35.748;114.2916
Power;4.33014;34.6557;112.421
Power;4.33014;34.4171;115.6509
Power;4.76316;33.5721;114.0285
Power;31.75437;34;114
Power;4.33014;34.6557;112.421
Power;8.66028;34.6557;112.421
Power;13.71212;33.001;112.5293
Power;14.43381;33.7375;113.2981
Power;9.52631;35.3021;113.9202
Power;13.85645;35.3021;113.9202
Power;14.57814;34.0457;113.8226
Power;9.0933;33.7375;113.2981
Power;6.49521;34.6557;112.421
Power;8.66028;35.3021;113.9202
Power;6.49521;34.6992;113.0391
Power;4.33014;34.6557;112.421
Power;3.0311;33.7375;113.2981
Power;4.33014;35.3021;113.9202
Power;13.2791;34.7679;111.1908
Power;4.76316;33.0116;114.0165
Power;5.05183;36.0674;113.8105
Power;8.66028;34.827;112.4383
Power;12.99042;34.7592;113.6524
Power;4.33014;35.748;114.2916
Power;8.66028;34.7961;114.3472
Power;9.67065;30.2134;115.067
Power;12.99042;30.5951;114.2999
Power;9.23764;30.4494;114.8653
Power;4.33014;29.8438;114.3169
Power;4.33014;30.3544;112.1881
Power;17.97009;32.0199;112.1454
Power;11.98006;30.5951;114.2999
Power;4.76316;30.7031;111.275
Power;7.43341;30.5951;114.2999
Power;2.38158;30.2134;115.067
Power;8.66028;31.0349;112.1973
Power;8.66028;32.0199;112.1454
Power;12.99042;30.4079;114.8784
Power;8.66028;28.1979;112.9713
Power;4.33014;29.0382;111.6882
Power;12.99042;29.3691;113.0955
Power;4.47448;27.8395;113.1482
Power;4.33014;27.7529;111.6764
Power;9.38197;25.7953;113.0287
Power;12.99042;27.834;112.9357
Power;13.42344;28.593;112.3212
Power;8.66028;29.817;111.1018
Power;14.28947;27.2394;111.459
Power;4.33014;40.6549;109.8345
Power;8.66028;42.28;118.9426
Power;4.33014;40.7412;107.3826
Power;17.32057;40.9903;113.1316
Power;38.97127;40.8338;111.6731
Power;4.33014;40.9903;113.1316
Power;4.76316;39.6081;109.7764
Power;4.33014;40.4809;102.8458
Power;8.66028;49.2188;119.7431
Power;5.05183;40.8338;111.6731
Power;4.33014;40.8338;111.6731
Power;4.33014;40.6549;109.8345
Power;8.66028;40.6549;109.8345
Power;26.84688;44.032;115.8498
Power;7.64992;39.654;106.7879
Power;24.53747;49.2188;119.7431
Power;4.33014;44.032;115.8498
Power;8.66028;40.9903;113.1316
Power;4.33014;39.6081;109.7764
Power;9.52631;39.6081;109.7764
Power;4.76316;39.6081;109.7764
Power;8.66028;43.6392;122.2497
Power;4.33014;43.6392;122.2497
Power;4.33014;40.7412;107.3826
Power;4.33014;40.6549;109.8345
Power;8.66028;42.28;118.9426
Power;4.76316;39.6081;109.7764
Power;4.76316;39.6081;109.7764
Power;4.33014;39.6081;109.7764
Power;4.33014;40.8338;111.6731
Power;8.66028;44.032;115.8498
Power;4.33014;43.6392;122.2497
Power;4.76316;39.6081;109.7764
Power;4.76316;40.7412;107.3826
Power;4.76316;39.654;106.7879
Power;8.66028;40.8338;111.6731
Power;5.05183;39.6081;109.7764
Power;4.33014;40.6549;109.8345
Power;2.88676;49.2188;119.7431
Power;22.94975;39.6081;109.7764
Power;8.66028;40.6549;109.8345
Power;4.33014;40.8539;107.4279
Power;14.07296;31.3017;120.5811
Power;9.52631;32.061;118.7916
Power;9.0933;34.2666;117.181
Power;9.0933;31.813;119.9692
Power;9.0933;31.3017;120.5811
Power;11.76355;31.3017;120.5811
Power;4.76316;33.5897;119.0212
Power;9.52631;33.5897;119.0212
Power;8.66028;33.5897;119.0212
Power;1.44338;32.061;118.7916
Power;13.71212;31.3017;120.5811
Power;5.05183;31.9828;120.8905
Power;9.52631;33.394;120.135
Power;8.66028;34.2666;117.181
Power;23.5271;31.5776;120.2951
Power;4.76316;32.3927;119.4366
Power;4.33014;31.9828;120.8905
Power;7.2169;31.3017;120.5811
Power;16.74321;34.6093;119.1695
Power;18.18659;32.3927;119.4366
Power;9.0933;31.3017;120.5811
Power;14.43381;34.2666;117.181
Power;23.67144;34.2666;117.181
Power;4.76316;31.5776;120.2951
Power;9.0933;32.214;119.458
Power;9.38197;31.459;121.1265
Power;19.05262;31.9828;120.8905
Power;4.76316;32.061;118.7916
Power;4.76316;34.2666;117.181
Power;9.52631;33.394;120.135
Power;4.33014;34.2666;117.181
Power;4.33014;32.061;118.7916
Power;21.57854;32.214;119.458
Power;14.43381;32.4615;119.9134
Power;19.3413;27.7972;114.3773
Power;2.38158;27.8007;114.9333
Power;13.56778;28.2428;117.0278
Power;9.38197;28.4501;117.9724
Power;9.81499;29.7275;115.9913
Power;13.85645;27.0428;114.9035
Power;5.05183;25.8332;114.9287
Power;9.52631;29.2909;117.2041
Power;9.52631;28.6793;115.8886
Power;10.10366;27.7972;114.3773
Power;8.66028;42.0152;121.6453
Power;8.66028;41.5755;120.4391
Power;8.66028;42.2895;123.8395
Power;5.05183;38.9182;121.6283
Power;4.33014;42.2895;123.8395
Power;4.33014;41.8693;123.9242
Power;5.05183;42.0152;121.6453
Power;8.66028;38.9182;121.6283
Power;5.05183;38.9182;121.6283
Power;5.05183;40.1287;124.3863
Power;13.2791;40.6747;122.2358
Power;4.76316;40.6747;122.2358
Power;4.33014;38.9182;121.6283
Power;8.66028;41.8041;123.4276
Power;4.76316;41.8041;123.4276
Power;25.98085;40.7515;120.8405
Power;12.99042;42.2895;123.8395
Power;4.33014;38.9182;121.6283
Power;5.05183;41.8693;123.9242
Power;4.33014;38.9182;121.6283
Power;4.33014;40.1287;124.3863
Power;4.33014;42.2895;123.8395
Power;4.90749;38.9869;106.3772
Power;9.52631;38.9869;106.3772
Power;23.09409;38.4829;106.2116
Power;4.76316;38.4829;106.2116
Power;4.76316;38.4829;106.2116
Power;4.76316;38.9869;106.3772
Power;4.33014;37.9823;106.1961
Power;9.52631;38.9869;106.3772
Power;9.52631;38.4829;106.2116
Power;8.66028;37.9823;106.1961
Power;9.52631;38.4829;106.2116
Power;4.76316;36.0163;106.2409
Power;4.33014;36.6225;101.7722
Power;8.66028;38.2853;109.7288
Power;4.33014;34.3468;108.9366
Power;4.76316;34.3646;107.2332
Power;4.33014;38.2853;109.7288
Power;13.42344;34.3646;107.2332
Power;17.32057;34.5037;109.4573
Power;4.76316;34.5037;109.4573
Power;4.33014;34.3468;108.9366
Power;19.05262;34.5037;109.4573
Power;17.32057;38.2853;109.7288
Power;4.33014;34.3076;108.7234
Power;8.66028;38.2853;109.7288
Power;9.0933;34.3076;108.7234
Power;8.66028;34.9035;108.9462
Power;4.33014;34.3076;108.7234
Power;4.33014;38.2853;109.7288
Power;4.76316;37.4619;121.4425
Power;4.76316;36.4442;115.9642
Power;5.05183;37.1767;116.8508
Power;4.54665;34.8113;117.3178
Power;4.76316;36.6507;117.114
Power;9.38197;37.1767;116.8508
Power;9.0933;35.2477;115.4465
Power;9.67065;36.7072;119.1557
Power;10.10366;37.4487;116.3054
Power;4.76316;35.4125;116.5849
Power;4.76316;35.4125;116.5849
Power;8.66028;36.2031;117.6541
Power;17.32057;36.4442;115.9642
Power;8.66028;36.0638;120.3781
Power;14.86682;35.4151;119.5215
Power;4.54665;34.8113;117.3178
Power;14.43381;37.5121;122.1153
Power;23.09409;36.4442;115.9642
Power;4.54665;34.8113;117.3178
Power;9.67065;36.0638;120.3781
Power;8.66028;36.0638;120.3781
Power;9.3098;36.2003;117.0809
Power;4.33014;36.8048;118.0444
Power;4.76316;36.2031;117.6541
Power;4.33014;36.8048;118.0444
Power;5.05183;36.6507;117.114
Power;3.17544;37.4619;121.4425
Power;4.33014;37.4335;118.6689
Power;4.76316;36.0777;120.3369
Power;4.33014;35.2477;115.4465
Power;5.05183;35.4125;116.5849
Power;4.76316;36.8048;118.0444
Power;8.66028;31.2253;121.489
Power;9.23764;31.2253;121.489
Power;9.52631;31.2253;121.489
Power;12.99042;31.2253;121.489
Power;2.52592;31.2253;121.489
Power;8.66028;31.2253;121.489
Power;14.43381;31.2253;121.489
Power;7.50558;40.0922;113.2951
Power;18.18659;40.0922;113.2951
Power;4.33014;37.6867;112.7383
Power;4.33014;36.0885;111.513
Power;17.32057;38.4139;112.7305
Power;8.66028;40.0922;113.2951
Power;9.52631;38.4139;112.7305
Power;8.66028;36.1829;113.0985
Power;15.1555;35.4938;112.852
Power;8.66028;35.4938;112.852
Power;8.66028;37.8586;113.573
Power;8.66028;35.0276;111.0021
Power;12.99042;36.1829;113.0985
Power;4.33014;36.1829;113.0985
Power;12.99042;36.0885;111.513
Power;9.71395;37.6867;112.7383
Power;12.99042;37.8562;112.5562
Power;4.33014;39.3308;112.4235
Power;8.66028;40.0922;113.2951
Power;4.76316;36.1829;113.0985
Power;4.33014;35.4938;112.852
Power;9.52631;38.4139;112.7305
Power;4.33014;39.3308;112.4235
Power;9.71395;37.6867;112.7383
Power;2.38158;33.069;107.0189
Power;4.33014;37.8562;112.5562
Power;4.33014;37.8562;112.5562
Power;8.66028;36.0885;111.513
Power;8.66028;28.8745;105.4394
Power;4.33014;30.4593;106.6287
Power;8.66028;30.6624;104.0633
Power;4.33014;31.216;107.5028
Power;17.32057;30.4593;106.6287
Power;6.49521;29.5911;105.0629
Power;8.66028;28.8745;105.4394
Power;4.33014;39.1236;117.1981
Power;8.66028;39.1236;117.1981
Power;8.66028;39.1236;117.1981
Power;14.43381;39.1236;117.1981
Power;7.43341;39.1236;117.1981
Power;4.76316;39.1236;117.1981
Power;5.05183;39.1236;117.1981
Power;5.05183;44.3478;86.687
Power;4.33014;44.3478;86.687
Power;4.33014;44.3478;86.687
Power;4.76316;44.4734;84.2594
Power;4.54665;44.3478;86.687
Power;4.76316;43.9;81.35
Power;2.52592;39.4956;87.9791
Power;12.99042;25.4903;103.7965
Power;8.66028;27.5831;104.8371
Power;17.32057;25.4903;103.7965
Power;4.33014;23.2347;102.3011
Power;7.2169;25.0438;102.7143
Power;4.33014;25.0438;102.7143
Power;4.33014;23.2347;102.3011
Power;8.66028;25.4903;103.7965
Power;4.33014;23.2347;102.3011
Power;8.66028;25.4903;103.7965
Power;2.16507;29.9873;122.203
Power;8.94918;30.8943;120.0851
Power;27.42423;29.8622;121.6204
Power;9.0933;28.6582;121.4164
Power;28.86761;28.6582;121.4164
Power;22.08372;30.7474;120.7511
Power;17.32057;29.108;119.6486
Power;17.32057;29.8622;121.6204
Power;4.76316;29.8622;121.6204
Power;4.33014;28.6582;121.4164
Power;4.76316;27.9959;120.6916
Power;31.75437;30.7474;120.7511
Power;31.75437;30.249;120.2052
Power;4.33014;29.9992;120.5769
Power;4.76316;27.9959;120.6916
Refining;0.43207;35.2477;115.4465
Refining;2.95249;38.9182;121.6283
Refining;1.61307;41.8693;123.9242
Refining;0.72012;45.7657;126.6161
Refining;0.79213;46.5969;125.1015
Refining;1.36823;46.5969;125.1015
Refining;1.36823;43.8418;126.5605
Refining;0.20163;36.0638;120.3781
Refining;0.93615;40.7515;120.8405
Refining;0.93615;41.1085;121.1194
Refining;1.87231;36.0607;103.8306
Refining;0.18723;39.1236;117.1981
Refining;1.44024;41.2739;123.1693
Refining;0.79213;41.1169;122.0655
Refining;0.21604;36.7398;93.5424
Refining;0.53289;35.7106;107.6384
Refining;0.72012;38.7064;116.1062
Refining;0.74892;38.7288;117.4627
Refining;1.44024;43.4198;87.3195
Refining;0.86414;34.3076;108.7234
Refining;0.72012;45.6004;84.8661
Refining;1.44024;45.6004;84.8661
Refining;0.82814;38.4829;106.2116
Refining;0.5761;40.2917;97.0449
Refining;0.79213;30.5359;117.1048
Refining;0.72012;21.4799;109.1068
Refining;1.94432;39.9062;116.3913
Refining;0.54009;38.3043;116.8512
Refining;0.86414;38.3043;116.8512
Refining;0.24484;33.394;120.135
Refining;1.02257;36.6507;117.114
Refining;0.86414;31.0349;112.1973
Refining;1.44024;29.7275;115.9913
Refining;1.15219;34.6557;112.421
Refining;3.88864;21.6657;110.9196
Refining;2.59243;32.061;118.7916
Refining;1.8003;32.061;118.7916
Refining;0.72012;36.0638;120.3781
Refining;0.21604;46.5969;125.1015
Refining;1.87231;31.2253;121.489
Refining;2.30438;31.2253;121.489
Refining;1.44024;38.04;114.47
Refining;1.8003;39.1236;117.1981
Refining;1.36823;30.5951;114.2999
Refining;1.15219;29.3691;113.0955
Refining;0.72012;21.0814;109.9714
Refining;3.39896;29.8622;121.6204
Refining;2.01633;36.8048;118.0444
Refining;1.44024;38.9182;121.6283
Refining;0.80653;36.5854;109.4829
Refining;0.31685;36.8048;118.0444
Refining;0.51849;37.3821;117.9647
Refining;0.36006;37.3821;117.9647
Refining;0.43207;37.1767;116.8508
Refining;0.43207;34.6093;119.1695
Refining;0.21604;22.2305;113.5462
Refining;0.31685;38.9182;121.6283
Refining;0.21604;38.04;114.47
Refining;0.21604;38.3667;117.3333
Refining;0.72012;37.4335;118.6689
Refining;0.43207;37.4335;118.6689
Refining;0.33125;37.4335;118.6689
Refining;0.43207;37.4335;118.6689
Refining;0.69131;40.8338;111.6731
Refining;0.6193;37.4335;118.6689
Refining;0.18723;37.4335;118.6689
Refining;0.31685;37.4335;118.6689
Refining;0.51128;30.5061;105.5745
Refining;2.26117;23.1302;113.2593
Refining;0.31685;37.4335;118.6689
Refining;0.54009;23.1061;114.4141
Refining;0.24484;43.8882;125.3183
Refining;0.79213;30.405;112.894
Refining;3.16852;23.1061;114.4141
Refining;1.44024;21.9647;108.6209
Refining;1.44024;36.0638;120.3781
Refining;1.15219;19.7406;109.214
Refining;2.01633;24.9039;118.5851
Refining;0.50408;35.4151;119.5215
Refining;0.50408;37.4487;116.3054
Refining;0.34566;36.8048;118.0444
Refining;0.86414;40.606;118.4829
Refining;1.44024;31.1141;103.9219
Refining;0.86414;41.1169;122.0655
Refining;1.08018;38.4829;106.2116
Refining;1.15219;29.8622;121.6204
Refining;1.08018;35.2477;115.4465
Refining;0.83534;36.8048;118.0444
Refining;1.87231;24.9249;102.4844
Refining;0.21604;39.1236;117.1981
Refining;0.51128;37.4335;118.6689
Refining;0.24484;37.4335;118.6689
Refining;0.28805;20.0424;110.341
Refining;1.03697;38.2853;109.7288
Refining;0.72012;41.8197;83.4532
Refining;0.79213;36.5854;109.4829
Refining;0.31685;37.4335;118.6689
Refining;0.79213;41.1169;122.0655
Refining;0.82094;36.7072;119.1557
Refining;0.50408;37.4335;118.6689
Refining;0.43207;37.4335;118.6689
Refining;0.36006;37.4335;118.6689
Refining;0.50408;35.4151;119.5215
Refining;0.21604;32.4615;119.9134
Refining;0.72012;24.5082;117.6496
Refining;0.86414;36.8048;118.0444
Refining;0.43207;37.4335;118.6689
Refining;0.43207;36.7072;119.1557
Refining;1.72829;24.9039;118.5851
Refining;0.86414;37.4335;118.6689
Refining;0.93615;36.7072;119.1557
Refining;0.72012;36.7072;119.1557
Refining;0.50408;37.3821;117.9647
Refining;0.72012;37.4335;118.6689
Refining;0.72012;37.4335;118.6689
Refining;0.36006;37.3821;117.9647
Refining;0.21604;41.1169;122.0655
Refining;0.48968;35.7631;115.0234
Refining;0.37446;37.4335;118.6689
Refining;0.33125;37.3821;117.9647