LATITUDE;LONGITUDE;SECTOR;value
33.6319;-87.0597;Power;20.635116
38.3722;-87.7661;Power;16.331848
41.8917;-83.3461;Power;15.39154
33.0583;-83.8072;Power;15.245856
29.4783;-95.6358;Power;15.173029
38.5583;-90.8361;Power;15.088101
36.9047;-111.3886;Power;14.418776
38.9347;-82.1158;Power;14.031383
32.2597;-94.5703;Power;13.831948
45.8831;-106.614;Power;13.826006
34.1256;-84.9192;Power;13.764238
38.4731;-81.8233;Power;13.35267
31.185;-96.4853;Power;13.340516
45.3792;-93.8958;Power;12.532773
39.3844;-80.3325;Power;12.2581
36.8006;-108.4386;Power;12.211468
29.9172;-96.7506;Power;11.799436
41.7378;-108.7875;Power;11.761611
39.2825;-96.1153;Power;11.433794
42.1103;-104.8828;Power;11.203246
40.6604;-79.3411;Power;11.059626
38.7497;-85.035;Power;10.865115
40.3842;-79.0611;Power;10.619049
37.9256;-87.0372;Power;10.378013
33.0917;-95.0417;Power;9.973959
40.2522;-80.6486;Power;9.957759
39.4472;-94.98;Power;9.897885
38.5267;-87.2525;Power;9.842012
28.9594;-82.7003;Power;9.643149
31.4219;-96.2525;Power;9.607627
36.3903;-87.6539;Power;9.534061
38.2081;-104.5747;Power;8.946292
30.5681;-97.0614;Power;8.897198
38.0531;-85.91;Power;8.515628
35.5975;-80.9658;Power;8.499315
40.6215;-95.7765;Power;8.476525
33.3692;-80.1119;Power;8.451826
36.2811;-80.0603;Power;8.404925
34.4236;-92.1392;Power;8.295528
31.8206;-96.0561;Power;8.259301
34.3186;-109.1636;Power;8.247411
39.1747;-111.0289;Power;8.201712
38.1306;-90.2625;Power;8.174468
47.3761;-101.1567;Power;8.115561
41.18;-95.8408;Power;8.083999
40.4627;-107.5912;Power;8.023657
39.5531;-92.6392;Power;7.956111
42.9103;-86.2036;Power;7.733812
47.2603;-93.6531;Power;7.711957
39.5035;-112.5811;Power;7.633181
38.205;-89.855;Power;7.537152
40.6344;-80.42;Power;7.531486
39.8297;-80.8153;Power;7.478299
38.5847;-85.4117;Power;7.464133
41.0808;-101.1408;Power;7.451051
26.6986;-80.3747;Power;7.436006
42.8445;-87.829;Power;7.423464
35.6733;-91.4083;Power;7.249144
39.3668;-81.2944;Power;7.241288
38.8689;-84.2286;Power;7.181499
29.7333;-81.6339;Power;7.175989
42.7748;-82.4945;Power;7.14005
37.1517;-88.775;Power;7.132473
35.7617;-95.2847;Power;7.026226
43.4864;-89.4203;Power;6.963721
39.2014;-79.2667;Power;6.808626
38.6361;-83.6939;Power;6.778607
38.9794;-81.9344;Power;6.734615
47.3714;-101.8344;Power;6.702369
31.0069;-88.0103;Power;6.668958
40.5308;-80.6311;Power;6.433424
36.5147;-89.5617;Power;6.431932
38.7;-83.8175;Power;6.335969
38.7383;-85.4192;Power;6.185381
31.395;-92.7167;Power;6.100835
31.4753;-96.9564;Power;6.06335
39.1131;-84.8031;Power;6.060207
42.5381;-87.9033;Power;6.049565
36.69;-108.4814;Power;6.025505
33.8244;-84.475;Power;6.007051
30.7261;-91.3669;Power;5.973432
46.7559;-122.8578;Power;5.95575
40.5408;-89.6786;Power;5.95061
29.3091;-98.3205;Power;5.939647
47.0664;-101.2139;Power;5.934333
38.9161;-82.1281;Power;5.86807
27.7944;-82.4036;Power;5.859397
33.0583;-94.844;Power;5.847701
41.2175;-87.0239;Power;5.847538
36.4833;-79.0731;Power;5.809997
39.7107;-79.9275;Power;5.647623
39.0586;-89.4031;Power;5.617762
36.3156;-86.4006;Power;5.60361
30.5335;-88.5574;Power;5.473364
39.9239;-87.4272;Power;5.437251
30.4311;-81.5508;Power;5.305365
35.8992;-84.5194;Power;5.183774
42.8457;-87.8294;Power;5.152539
28.4836;-81.1686;Power;5.150932
39.3792;-111.0781;Power;5.144447
40.511;-79.1968;Power;5.138353
38.9158;-90.2917;Power;5.106066
41.7572;-110.5986;Power;5.031025
42.8378;-105.7769;Power;5.00746
27.7886;-81.8694;Power;4.986959
35.22;-81.7594;Power;4.965024
34.1847;-102.5686;Power;4.894574
33.2442;-86.4567;Power;4.837058
39.0694;-87.5108;Power;4.834001
27.0536;-80.5628;Power;4.74415
39.5906;-89.4964;Power;4.736952
35.2972;-101.7475;Power;4.674135
32.6094;-85.0961;Power;4.615351
33.6446;-87.2003;Power;4.609194
37.3822;-77.3833;Power;4.527042
32.4607;-94.4852;Power;4.520314
38.9031;-84.8511;Power;4.441189
41.0961;-92.5556;Power;4.418849
37.2608;-86.9783;Power;4.342723
34.8422;-79.7444;Power;4.278136
34.9394;-110.3033;Power;4.275704
38.3472;-94.6389;Power;4.236605
29.3072;-98.3228;Power;4.220681
47.2819;-101.3194;Power;4.190598
38.6903;-83.4803;Power;4.168196
39.7078;-79.9588;Power;4.15218
39.1792;-76.5383;Power;4.123394
37.2103;-88.8606;Power;4.094353
43.715;-87.7094;Power;3.995606
33.655556;-93.813889;Power;3.97977
40.2217;-103.6803;Power;3.970908
29.9472;-90.1458;Power;3.929466
28.7128;-97.2142;Power;3.924304
28.8419;-81.3256;Power;3.912768
40.1842;-81.8811;Power;3.902165
44.8606;-89.6553;Power;3.862247
33.4124;-85.0345;Power;3.802692
27.7286;-81.9897;Power;3.743591
29.7153;-95.1361;Power;3.740688
40.0864;-109.2844;Power;3.713612
36.4537;-97.0527;Power;3.672804
42.7642;-82.4719;Power;3.671598
32.7563;-96.4916;Power;3.65106
35.6626;-89.9469;Power;3.63591
35.0742;-90.1439;Power;3.609577
41.3153;-91.0936;Power;3.492393
28.7044;-98.4781;Power;3.465519
27.6058;-82.3456;Power;3.44674
26.6967;-81.7831;Power;3.434356
38.8067;-87.2472;Power;3.430087
30.5661;-87.2289;Power;3.421553
33.2961;-92.5933;Power;3.418572
32.3478;-81.1828;Power;3.374851
36.8692;-78.7046;Power;3.368124
38.96986;-78.179995;Power;3.308214
42.3026;-83.154;Power;3.307674
44.3901;-105.4591;Power;3.282713
33.4082;-85.0399;Power;3.249278
43.5861;-84.2242;Power;3.192548
38.9361;-88.2778;Power;3.168183
33.8264;-80.6218;Power;3.117465
36.766854;-77.711098;Power;3.070746
44.2886;-105.3847;Power;3.06654
38.5731;-82.7833;Power;3.04319
30.2861;-93.2917;Power;3.040687
36.4317;-95.7008;Power;3.017734
29.0728;-95.745;Power;3.009475
27.8613;-82.6012;Power;2.986292
30.3215;-91.2392;Power;2.977614
37.4497;-87.0803;Power;2.951413
36.9161;-82.3381;Power;2.950973
47.2217;-101.8139;Power;2.950299
40.5958;-89.6631;Power;2.941027
45.03;-92.7786;Power;2.938999
43.6425;-83.8431;Power;2.930423
40.2797;-90.0775;Power;2.909866
39.1306;-94.4778;Power;2.891853
42.3917;-71.0667;Power;2.885329
29.8356;-95.1242;Power;2.872486
39.0913;-84.8667;Power;2.856919
35.3775;-78.0875;Power;2.855571
40.1464;-74.7406;Power;2.84574
34.0158;-95.3206;Power;2.81799
40.4856;-107.185;Power;2.802275
31.0932;-96.6965;Power;2.755021
36.2561;-94.5241;Power;2.751683
36.0211;-84.1567;Power;2.72573
33.3761;-89.2183;Power;2.712673
41.4797;-88.2581;Power;2.667359
39.0072;-95.2692;Power;2.666611
17.9493;-66.2317;Power;2.66196
34.3477;-82.776;Power;2.650552
39.7539;-89.6011;Power;2.618055
41.0714;-76.6672;Power;2.605727
37.6467;-87.5006;Power;2.59327
30.4172;-81.5525;Power;2.555132
34.7094;-84.9182;Power;2.549496
39.8078;-104.9648;Power;2.543616
40.4081;-79.0339;Power;2.538915
36.3853;-114.9228;Power;2.520374
40.6322;-74.2156;Power;2.498076
30.2588;-93.7353;Power;2.493059
17.9451;-66.1503;Power;2.462578
40.097;-76.6962;Power;2.447868
38.3592;-76.9767;Power;2.431757
28.4694;-80.7642;Power;2.425245
27.9072;-82.4231;Power;2.421579
42.3231;-86.2925;Power;2.397381
26.7653;-80.0528;Power;2.383779
26.0856;-80.1253;Power;2.341928
36.0278;-87.9861;Power;2.329743
33.0163;-79.9285;Power;2.325304
29.9861;-90.4575;Power;2.323455
33.6314;-95.589;Power;2.320059
42.3022;-96.3622;Power;2.317338
41.1889715;-76.8951551;Power;2.314941
42.3251;-96.3797;Power;2.314566
40.7825;-73.8964;Power;2.309409
37.8667;-78.3813;Power;2.285815
39.5314;-81.7172;Power;2.279341
45.3047;-96.5103;Power;2.257179
29.6237;-98.1395;Power;2.1757
37.91;-87.3267;Power;2.165757
37.9053;-87.715;Power;2.155623
35.6853;-97.2242;Power;2.149452
32.3592;-81.1236;Power;2.136591
30.0242;-93.875;Power;2.129582
37.6206;-88.955;Power;2.119923
41.7693656;-76.4794435;Power;2.111689
34.8358;-89.2017;Power;2.10854
31.8907;-96.1128;Power;2.106557
35.1929;-94.6469;Power;2.099141
28.0809;-81.9256;Power;2.098139
40.6175;-75.3147;Power;2.096995
18.4275;-66.1052;Power;2.08793
40.8611;-105.0206;Power;2.077479
39.8083;-75.4225;Power;2.074419
40.7281;-73.9742;Power;2.056847
40.4481;-74.3497;Power;2.054032
43.3842;-87.8689;Power;2.022957
41.3297;-95.9458;Power;2.015615
32.0306;-93.5692;Power;2.012458
36.3767;-82.9639;Power;2.009739
42.3833;-87.8133;Power;2.006567
37.1519;-93.3892;Power;2.003854
21.356648;-158.127993;Power;1.999212
42.1236;-83.1811;Power;1.998014
37.8181;-77.4478;Power;1.995782
32.6503;-86.7386;Power;1.992904
32.3814;-86.5736;Power;1.986547
25.4356;-80.3308;Power;1.98311
30.4903;-91.1875;Power;1.978426
42.5905;-73.7636;Power;1.977666
33.3451;-112.8638;Power;1.962699
40.6225;-74.2097;Power;1.949674
40.3509;-76.3658;Power;1.949377
39.8725;-77.1672;Power;1.949299
35.9833;-95.9346;Power;1.948613
37.7958;-87.0597;Power;1.945504
29.8169;-95.1086;Power;1.944292
41.8736;-71.8947;Power;1.943398
33.3642;-81.03;Power;1.937661
29.7189;-95.2319;Power;1.936044
35.7133;-80.3767;Power;1.91483
41.6433;-87.1225;Power;1.9111
40.4663;-89.9841;Power;1.902297
30.4284;-92.4112;Power;1.879715
36.4862;-79.7208;Power;1.874344
30.2861;-93.2917;Power;1.867252
44.3026;-91.9126;Power;1.812029
39.83731;-75.22458;Power;1.809539
31.8378;-102.3278;Power;1.806935
29.7731;-94.9019;Power;1.806299
34.2824;-77.9864;Power;1.800763
32.0619;-109.8931;Power;1.792151
33.33;-112.84;Power;1.790139
46.5789;-87.395;Power;1.788933
41.3017;-89.3136;Power;1.780209
37.7889;-84.7139;Power;1.761897
36.0119;-95.6967;Power;1.759328
31.8594;-97.3586;Power;1.736748
40.51039;-74.33105;Power;1.736397
30.6167;-96.0778;Power;1.728304
34.0825;-99.1753;Power;1.723522
42.2417;-70.9653;Power;1.72151
36.8791;-89.6209;Power;1.709879
45.6933;-119.8056;Power;1.700984
33.6464;-88.2717;Power;1.694223
43.495;-76.4508;Power;1.671907
28.1844;-82.7887;Power;1.664541
39.5625;-119.525;Power;1.660581
31.4001;-86.4767;Power;1.655476
34.6397;-87.0639;Power;1.646586
39.8622;-75.3361;Power;1.644566
35.7325;-80.6019;Power;1.630487
34.0836;-117.2408;Power;1.627426
40.4219;-75.9353;Power;1.60461
30.2689;-85.7003;Power;1.587682
39.5798;-81.6571;Power;1.580136
31.4858;-87.9106;Power;1.571197
39.7436;-75.5072;Power;1.569009
39.8592;-79.9182;Power;1.568753
40.7585;-73.9451;Power;1.556627
36.5278;-78.8917;Power;1.548812
29.7233;-95.1769;Power;1.54353
33.3333;-111.751;Power;1.541416
41.5526;-72.597;Power;1.541183
40.708795;-74.128275;Power;1.540184
33.2881;-89.4201;Power;1.535746
26.0681;-80.1983;Power;1.528312
30.3206;-81.9486;Power;1.528097
32.7056;-92.0697;Power;1.521813
39.1778;-94.1861;Power;1.517994
43.5592;-91.2333;Power;1.511737
34.9556;-118.844;Power;1.495368
42.2728;-73.8492;Power;1.485703
21.306111;-158.108056;Power;1.462443
34.9939;-90.039;Power;1.44025
40.8375;-74.0244;Power;1.432699
26.208;-98.3992;Power;1.425965
38.593093;-76.9066829;Power;1.425566
40.5456;-79.7669;Power;1.415032
32.9761;-112.694;Power;1.414274
30.0561;-93.7539;Power;1.408932
31.058472;-97.316618;Power;1.404247
39.0488574;-77.5848665;Power;1.401288
39.3922;-87.5103;Power;1.397147
40.09399;-82.02394;Power;1.392346
38.6306;-104.7056;Power;1.387639
40.5383;-79.7906;Power;1.37976
27.6417;-81.9625;Power;1.37484
28.2764;-81.533;Power;1.371491
32.33793;-97.736735;Power;1.3663
41.6925;-83.4375;Power;1.366069
34.335556;-89.927244;Power;1.363448
35.2979;-97.5896;Power;1.355377
40.3311;-111.7547;Power;1.354779
32.4302;-97.0537;Power;1.352456
30.2292;-91.065;Power;1.343555
33.3303;-79.3611;Power;1.342431
42.82;-85.9988;Power;1.341199
41.7203;-86.9097;Power;1.340334
30.558;-98.3705;Power;1.33374
35.6578;-89.3964;Power;1.326679
35.4714;-82.5431;Power;1.326491
32.7282;-103.3095;Power;1.319638
38.8244;-104.8331;Power;1.313385
30.0033;-90.4611;Power;1.311966
27.8139;-97.4283;Power;1.30788
38.1828;-85.8894;Power;1.305587
36.425;-114.9;Power;1.302195
33.407;-85.0387;Power;1.290156
40.5806;-98.3106;Power;1.287959
33.4417;-112.1583;Power;1.277156
33.101;-97.9574;Power;1.275941
33.3806;-89.2039;Power;1.275841
37.6472;-87.5028;Power;1.273144
40.8011;-75.105;Power;1.271043
34.6831;-95.9349;Power;1.255166
38.5367;-77.2806;Power;1.252784
42.6919;-84.6572;Power;1.247145
37.6961;-78.2848;Power;1.237523
26.3403;-98.19;Power;1.226567
38.3383;-121.1239;Power;1.224624
39.5944;-78.7456;Power;1.22374
40.2461;-104.8742;Power;1.222581
29.2575;-98.3828;Power;1.216868
38.4017;-90.3358;Power;1.216274
34.2963;-92.8683;Power;1.21526
32.3781;-90.2169;Power;1.213
33.580992;-96.615264;Power;1.203502
36.4178;-114.9622;Power;1.187512
35.2956;-119.5919;Power;1.182427
33;-85.9031;Power;1.181617
45.7931;-119.3117;Power;1.17449
40.7412;-91.1168;Power;1.17447
41.3771;-83.1615;Power;1.174184
29.2878;-96.0683;Power;1.166927
35.6957;-101.36;Power;1.161959
41.3917;-91.0569;Power;1.15823
41.2239;-73.1;Power;1.157207
31.9858;-106.4322;Power;1.152804
35.4159;-108.082;Power;1.148795
29.7806;-97.9894;Power;1.144933
41.7125;-71.1914;Power;1.144378
37.3596;-94.5913;Power;1.13748
30.5924;-95.9178;Power;1.133877
32.5181;-93.7611;Power;1.119479
38.0167;-121.7592;Power;1.110186
46.9688;-123.48;Power;1.106866
43.3359;-91.1672;Power;1.104267
36.2206;-95.2756;Power;1.100686
35.2097;-119.585;Power;1.097228
45.8486;-119.6744;Power;1.095293
36.1906;-95.2889;Power;1.084291
40.8222;-76.1736;Power;1.082582
37.9306;-100.9725;Power;1.081392
39.1714;-94.6958;Power;1.077318
41.8017;-71.5186;Power;1.072567
42.9043;-71.4251;Power;1.068829
33.7639;-118.0942;Power;1.067815
44.3204;-88.2089;Power;1.057491
32.2983;-107.78;Power;1.044773
35.6139;-115.3561;Power;1.033269
33.4082;-85.0399;Power;1.02771
35.1897;-81.0122;Power;1.027148
30.4364;-95.5215;Power;1.027067
29.5932;-97.9724;Power;1.021865
32.3347;-97.7344;Power;1.011434
32.0164;-94.6189;Power;1.008229
42.2733;-83.1131;Power;1.004765
40.7458;-116.5297;Power;0.995862
29.2878;-96.0683;Power;0.993441
37.0659;-94.614;Power;0.992608
40.9231;-73.3417;Power;0.991043
40.6994;-73.9758;Power;0.990772
41.6669;-83.44879;Power;0.983614
33.435;-81.9111;Power;0.981875
39.3648;-122.268;Power;0.980657
39.6928;-75.4867;Power;0.978689
33.1192;-117.118;Power;0.978101
40.55;-78.8;Power;0.975344
29.7483;-94.9272;Power;0.966845
42.174;-121.8112;Power;0.965359
39.5611;-80.1642;Power;0.965303
41.9439;-91.6386;Power;0.964558
32.2792;-81.2842;Power;0.957859
30.8442;-92.2606;Power;0.95255
42.6296;-73.749;Power;0.939932
36.4078;-114.9603;Power;0.93159
26.3389;-98.1708;Power;0.915132
30.4408;-89.0265;Power;0.91387
40.79;-76.1984;Power;0.913762
40.7881;-73.9056;Power;0.913484
33.0142;-89.6758;Power;0.913482
29.4731;-95.6244;Power;0.911378
41.1692;-73.1844;Power;0.908857
46.1792;-123.1717;Power;0.904221
45.6933;-119.8075;Power;0.901962
40.0911;-104.5947;Power;0.899451
40.8142;-72.9403;Power;0.897365
34.5953;-117.3647;Power;0.891918
36.8042;-121.7775;Power;0.888131
40.4748;-78.7021;Power;0.873545
44.2862;-105.3843;Power;0.870082
21.301643;-158.096275;Power;0.859801
32.5733;-116.9153;Power;0.854109
44.2911;-105.3815;Power;0.852783
41.7749;-89.6067;Power;0.850596
44.2892;-105.3795;Power;0.850415
34.6292;-87.0214;Power;0.850376
40.6169;-73.6486;Power;0.841934
30.1458;-97.55;Power;0.837795
18.0001;-66.7536;Power;0.834827
35.451697;-118.98494;Power;0.828334
37.2169;-121.7439;Power;0.82761
42.2488;-84.3767;Power;0.823921
32.9728;-102.7417;Power;0.821256
37.4556;-77.4308;Power;0.820442
45.811201;-108.428833;Power;0.815417
38.5444;-76.6861;Power;0.815365
41.8167;-71.4042;Power;0.814822
21.388997;-157.961171;Power;0.810704
43.094;-93.2922;Power;0.810528
41.067;-78.3656;Power;0.804015
30.34;-88.492;Power;0.802933
33.3417;-112.8897;Power;0.801367
30.1478;-97.27;Power;0.794987
33.9175;-118.4258;Power;0.789901
42.3633;-71.0792;Power;0.789578
32.3958;-94.4361;Power;0.789006
44.9331;-93.1075;Power;0.78895
42.0575;-71.5172;Power;0.785363
40.5589;-96.7842;Power;0.784728
42.7183;-84.5586;Power;0.773888
35.0517;-114.1334;Power;0.770029
33.8692;-81.0183;Power;0.76291
40.6383;-79.3503;Power;0.76166
42.1113;-71.4529;Power;0.749949
32.6914;-92.0192;Power;0.743647
39.7119;-86.1975;Power;0.742429
40.796;-75.107;Power;0.735085
45.8042;-119.37;Power;0.730446
27.3839;-80.3775;Power;0.728185
46.6226;-122.9145;Power;0.726426
38.6281;-104.7069;Power;0.725096
33.4759;-113.1133;Power;0.719758
30.5248;-88.1289;Power;0.717449
28.0525;-81.8083;Power;0.716068
40.8831;-117.1542;Power;0.708742
39.7914;-75.4081;Power;0.706663
41.2044;-73.9689;Power;0.705946
44.2853;-105.3841;Power;0.696799
29.7586;-82.3883;Power;0.696685
29.6967;-95.0411;Power;0.693442
33.6157;-114.6865;Power;0.688657
39.9417;-75.1883;Power;0.6876
39.738;-76.3072;Power;0.685692
34.2181;-91.9025;Power;0.67149
39.182358;-75.503347;Power;0.666895
38.0559;-122.21435;Power;0.665868
27.7447;-81.85;Power;0.66331
41.2678;-79.8114;Power;0.661968
30.4522;-84.4;Power;0.660495
34.2533;-85.3456;Power;0.645341
39.6397;-79.9606;Power;0.627172
27.5242;-81.9236;Power;0.622317
34.9678;-96.7242;Power;0.620119
30.2091;-97.6139;Power;0.619775
38.03;-121.8708;Power;0.619062
43.1969;-77.6289;Power;0.612952
46.8669;-100.8839;Power;0.610031
44.5397;-88.0083;Power;0.605624
45.0203;-93.2753;Power;0.605187
44.217;-86.2906;Power;0.602965
40.7817;-76.1781;Power;0.60234
29.3787;-94.944;Power;0.594115
33.9106;-118.425;Power;0.593019
33.7688;-118.1009;Power;0.591336
18.4551;-66.1489;Power;0.586519
42.0472;-92.8627;Power;0.584561
29.752;-94.923;Power;0.583398
28.4881;-81.1675;Power;0.582356
37.2914;-77.2821;Power;0.582282
33.5239;-101.7392;Power;0.580494
13.3949;144.7071;Power;0.57626
34.2481;-118.3903;Power;0.567995
35.0847;-98.23;Power;0.563439
34.1788;-118.3153;Power;0.558452
32.6017;-87.7811;Power;0.54423
32.7131;-103.3533;Power;0.537215
34.4304;-92.8333;Power;0.53346
35.22663;-119.62972;Power;0.52829
40.7869;-73.9122;Power;0.52748
43.071111;-86.233889;Power;0.526366
38.322;-104.533;Power;0.526176
31.8047;-106.5472;Power;0.521887
43.6576;-70.3772;Power;0.520796
41.4275;-96.4619;Power;0.520289
40.8092;-76.4539;Power;0.517834
29.9994;-90.4758;Power;0.516146
31.8403844;-105.92299;Power;0.512319
47.7861;-116.9214;Power;0.511807
46.925;-98.5;Power;0.511004
41.5042;-82.05;Power;0.508946
42.1127;-72.0152;Power;0.508841
40.5915;-74.2027;Power;0.508455
43.9046;-116.8181;Power;0.50523
39.8223;-111.894;Power;0.504793
31.2622;-88.0052;Power;0.503638
41.6417;-71.17;Power;0.503588
37.4878;-120.8956;Power;0.503472
27.6067;-97.3119;Power;0.50346
61.168812;-149.911006;Power;0.497406
45.65;-122.7231;Power;0.495258
43.94;-86.4247;Power;0.495257
42.5835;-89.0351;Power;0.490652
35.1706;-81.4161;Power;0.481381
32.8022;-115.54;Power;0.475678
20.801363;-156.49269;Power;0.475136
27.8182;-97.4189;Power;0.467177
39.54764;-110.39079;Power;0.466426
36.0875;-115.0507;Power;0.466419
38.7931;-94.3006;Power;0.465304
38.2667;-77.3147;Power;0.464204
32.16;-110.9047;Power;0.462064
35.451697;-118.98494;Power;0.461347
30.1619;-84.2014;Power;0.456473
37;-84.5917;Power;0.455483
32.9042;-111.7889;Power;0.448713
35.7867;-114.9928;Power;0.444764
38.3108;-93.9331;Power;0.444587
41.6334;-88.0626;Power;0.443167
31.5289;-89.2992;Power;0.441486
32.6514;-86.7386;Power;0.431784
40.8153;-73.0644;Power;0.43037
37.0719;-94.6986;Power;0.429509
37.2939;-77.2697;Power;0.423692
41.4092;-88.3292;Power;0.422814
40.455;-78.7472;Power;0.419527
29.8223;-91.5427;Power;0.419526
43.0303;-87.9233;Power;0.418117
30.0444;-93.7716;Power;0.415709
45.8114;-120.833;Power;0.414657
13.463579;144.678216;Power;0.413717
38.02176;-122.06579;Power;0.406431
33.3544;-111.9364;Power;0.406261
40.0613;-74.1686;Power;0.406001
28.649752;-96.539848;Power;0.399827
28.4422;-81.4119;Power;0.392462
33.9444;-78.0125;Power;0.391728
40.8538;-98.3481;Power;0.388372
40.439;-74.3444;Power;0.387999
32.2831;-90.9306;Power;0.386988
36.3297;-79.8297;Power;0.386407
37.7107;-121.4906;Power;0.38268
43.0839;-79.0056;Power;0.381128
61.230348;-149.713236;Power;0.378124
39.0522;-95.5669;Power;0.369615
40.9378;-80.3681;Power;0.367015
41.65984;-87.46585;Power;0.36388
32.3102;-86.5242;Power;0.363424
38.5857;-75.2341;Power;0.362001
30.5661;-87.115;Power;0.357077
36.223139;-114.881032;Power;0.357046
46.1403;-122.9842;Power;0.355912
32.3194;-96.6739;Power;0.355154
42.0925;-71.4833;Power;0.353272
43.1047;-70.8044;Power;0.352529
33.8504;-118.395;Power;0.352104
47.0864;-122.3644;Power;0.352064
39.3328;-81.3639;Power;0.351729
36.044452;-115.007662;Power;0.351027
48.828707;-122.685533;Power;0.350534
33.0583;-97.9103;Power;0.34776
36.6531;-114.6364;Power;0.346987
64.823;-147.6106;Power;0.344964
33.1408;-117.3342;Power;0.340665
43.3561;-78.6039;Power;0.339153
61.475211;-149.15009;Power;0.3384
40.6529;-74.0916;Power;0.335251
35.99;-115.09;Power;0.33394
43.1056;-82.6964;Power;0.330933
38.064527;-77.508465;Power;0.323469
45.063748;-84.825348;Power;0.31772
64.735968;-147.348622;Power;0.31743
33.3577;-84.9912;Power;0.316648
33.4622;-84.8986;Power;0.314935
38.1707;-82.6176;Power;0.314827
37.6341;-122.1326;Power;0.312551
64.847528;-147.734742;Power;0.311755
45.97549;-106.65532;Power;0.310979
39.760555;-105.215;Power;0.310475
47.6788;-104.1569;Power;0.310378
38.6681;-76.8678;Power;0.307743
38.5306;-121.399;Power;0.307238
42.8543;-88.7297;Power;0.306832
28.3665;-82.5591;Power;0.304738
35.0727;-81.613;Power;0.303185
44.1965;-94.0099;Power;0.302148
33.9983;-118.2219;Power;0.30209
39.2242;-88.7594;Power;0.299547
40.7469;-73.4994;Power;0.299148
46.29;-96.0428;Power;0.298434
43.25;-73.8125;Power;0.295864
39.2086;-77.4644;Power;0.295788
46.5314;-87.3917;Power;0.295717
29.3078;-98.3244;Power;0.29564
44.8108;-93.2501;Power;0.293326
63.855545;-148.948517;Power;0.29174
34.1661;-102.4114;Power;0.290215
40.6917;-75.4792;Power;0.287055
40.6417;-73.7778;Power;0.284366
38.094095;-121.380788;Power;0.283859
42.156;-72.5292;Power;0.283809
39.8746;-75.1592;Power;0.283755
38.54591;-77.77227;Power;0.28309
42.0099;-71.6701;Power;0.282615
41.8312;-71.1239;Power;0.281544
37.3767;-121.9508;Power;0.278625
18.330248;-64.960173;Power;0.277583
35.2825;-101.7458;Power;0.274044
36.6513;-120.5833;Power;0.273409
42.4776;-87.895;Power;0.271219
39.7183;-76.1606;Power;0.269362
32.8486;-94.5469;Power;0.26912
38.5283;-77.7681;Power;0.265381
33.3503;-91.1181;Power;0.264946
33.934167;-116.571388;Power;0.25942
32.9748;-102.7432;Power;0.258106
40.8737;-75.9936;Power;0.257616
39.3269;-76.365;Power;0.257119
33.6436;-117.9788;Power;0.256287
43.1411;-71.4692;Power;0.25596
38.1933;-82.6042;Power;0.253542
44.3353;-93.2894;Power;0.25316
37.7903;-97.5217;Power;0.251421
39.7246;-94.8773;Power;0.251254
30.3036;-97.6128;Power;0.249403
36.4375;-99.2208;Power;0.248691
41.2033;-76.0683;Power;0.248306
42.6028;-76.6336;Power;0.246967
40.0969;-85.9714;Power;0.245644
39.1281;-119.1319;Power;0.24511
42.336667;-71.108333;Power;0.244167
29.9414;-95.5333;Power;0.244
29.6467;-82.3219;Power;0.243652
38.511;-121.4735;Power;0.243099
41.4426;-87.7515;Power;0.242345
44.3961;-96.5333;Power;0.242241
32.9285;-111.5899;Power;0.242174
17.750141;-64.714793;Power;0.241249
39.1781;-76.5268;Power;0.238426
31.8414;-102.315;Power;0.237574
42.0099;-71.6701;Power;0.236027
39.7436;-104.68;Power;0.235951
28.7883;-97.01;Power;0.235025
35.5089;-97.1789;Power;0.234948
39.4522;-84.465;Power;0.234454
42.9767;-89.0492;Power;0.234077
32.7278;-97.2186;Power;0.231616
39.0839;-82.3328;Power;0.230123
41.8151;-88.2265;Power;0.22945
41.1706;-73.1843;Power;0.229197
35.0786;-81.575;Power;0.228499
32.7131;-103.31;Power;0.227257
36.435;-78.9619;Power;0.227045
34.0386;-83.3972;Power;0.226963
37.0286;-88.3958;Power;0.224073
28.2628;-81.5486;Power;0.222033
33.9486;-85.2769;Power;0.221282
19.716;-156.03327;Power;0.220005
30.28724;-97.73589;Power;0.219559
41.4388;-88.1236;Power;0.219278
44.1934;-88.5055;Power;0.219234
42.5744;-73.8592;Power;0.218674
40.7711;-73.9911;Power;0.218624
60.6766;-151.37705;Power;0.217826
38.2636;-85.8381;Power;0.215168
41.5711;-73.9739;Power;0.214079
30.1603;-93.3458;Power;0.211399
32.7214;-114.7097;Power;0.211352
37.0467;-88.3506;Power;0.211335
30.7478;-88.0575;Power;0.211286
47.79674;-103.577316;Power;0.210155
38.0167;-121.8439;Power;0.209397
39.7622;-86.1667;Power;0.208448
46.172817;-123.17502;Power;0.207567
32.5892;-84.6917;Power;0.205689
27.8708;-81.8253;Power;0.205365
35.1009;-98.3524;Power;0.203209
35.9978;-95.9567;Power;0.202691
35.5438;-89.198;Power;0.201141
40.7415;-124.2103;Power;0.199287
32.684066;-117.125996;Power;0.198849
42.0247;-93.6069;Power;0.19793
39.7286;-84.2106;Power;0.19685
40.0195;-105.202;Power;0.196838
30.1456;-97.2708;Power;0.196555
41.6317;-87.1728;Power;0.196271
40.768;-73.9515;Power;0.19472
36.1125;-95.9917;Power;0.194521
40.7259;-73.5885;Power;0.194299
40.0979;-104.7745;Power;0.193536
40.0606;-74.1672;Power;0.193395
36.6009;-78.53;Power;0.193234
43.7519;-87.8783;Power;0.193178
29.6397;-82.3486;Power;0.192966
44.082;-87.6558;Power;0.192808
37.6528;-121.0172;Power;0.187826
41.4947;-88.125;Power;0.187322
40.9168;-73.1292;Power;0.186421
43.0751;-89.4251;Power;0.1864
27.6364;-81.9636;Power;0.186218
47.2872;-101.3314;Power;0.184521
34.0533;-81.2178;Power;0.184079
27.8489;-81.8775;Power;0.182041
38.4464;-96.0651;Power;0.181973
32.1134;-106.848;Power;0.18129
32.3994;-97.4078;Power;0.180742
18.4711;-66.6994;Power;0.180605
20.89618;-156.46367;Power;0.17904
43.07034;-89.4057;Power;0.178924
36.2257;-121.1279;Power;0.178134
34.0128;-85.9708;Power;0.177857
36.7164;-108.2153;Power;0.177809
36.2454;-88.612;Power;0.177615
34.00771;-117.94262;Power;0.175977
32.911;-84.3059;Power;0.174777
19.70467;-155.06314;Power;0.17459
36.5852;-90.1779;Power;0.172753
46.1066;-112.8755;Power;0.171878
43.1864;-84.8429;Power;0.169728
40.60652;-81.06862;Power;0.168357
40.9503;-73.0786;Power;0.165638
41.5544;-72.5793;Power;0.164422
32.705;-117.189;Power;0.163529
36.23228;-115.12297;Power;0.162396
42.0476;-72.6478;Power;0.158378
38.1181;-78.2139;Power;0.158224
33.4225;-111.9122;Power;0.157895
44.269643;-88.308421;Power;0.156794
35.8619;-90.0253;Power;0.155827
45.7578;-107.6;Power;0.154735
34.1292;-119.1689;Power;0.154311
39.7372;-75.5033;Power;0.154159
37.1385;-94.1041;Power;0.153799
39.112142;-94.579614;Power;0.153315
44.7956;-92.9119;Power;0.152417
30.73427;-88.04704;Power;0.152075
32.070729;-102.587361;Power;0.151992
36.9333;-82.1997;Power;0.151905
47.429087;-92.935269;Power;0.150585
42.6789;-76.9483;Power;0.150412
37.6578;-89.5119;Power;0.149876
36.0378;-77.7542;Power;0.149845
32.7976;-88.6057;Power;0.146762
34.5923;-92.2166;Power;0.146361
30.1603;-81.5164;Power;0.145602
37.2144;-76.4611;Power;0.145341
33.7393;-117.1701;Power;0.144688
38.94601;-92.33328;Power;0.142608
39.4422;-76.2208;Power;0.139887
38.4461;-121.4614;Power;0.139792
41.5563;-93.5283;Power;0.139761
40.843013;-89.564082;Power;0.138489
32.3564;-90.2125;Power;0.138253
44.8236;-68.7106;Power;0.138169
39.55904;-119.51061;Power;0.138057
47.52103;-92.54146;Power;0.137913
40.7375;-74.1;Power;0.137831
48.233527;-103.950951;Power;0.136899
33.8147;-83.6969;Power;0.136703
42.7381514;-86.0733498;Power;0.136182
33.5542;-112.2161;Power;0.13559
39.9528;-85.5039;Power;0.134309
40.3286;-96.8067;Power;0.133303
41.4405;-87.7528;Power;0.130855
61.185716;-151.037597;Power;0.129641
38.8856;-77.0244;Power;0.126378
27.0393;-80.5144;Power;0.125798
45.0869;-87.6881;Power;0.125518
48.9905;-122.2733;Power;0.125346
32.7253;-96.9361;Power;0.125036
38.2387;-108.5083;Power;0.124369
44.5047;-70.2403;Power;0.12407
42.167;-83.5318;Power;0.122372
40.8556;-75.8781;Power;0.122345
39.142861;-121.636778;Power;0.121756
45.2958;-93.5542;Power;0.119549
30.42;-95.0114;Power;0.118646
33.6968;-95.5577;Power;0.118241
21.9786;-159.3422;Power;0.113374
37.8824;-84.1025;Power;0.112551
43.75;-70.1569;Power;0.109756
38.01231;-121.76463;Power;0.109241
41.2908;-79.8061;Power;0.109114
31.2194;-89.3933;Power;0.108713
32.8364;-96.5464;Power;0.107365
39.9022;-86.2439;Power;0.106865
38.1245;-78.2031;Power;0.106601
26.450628;-98.177386;Power;0.10644
18.2191;-67.1599;Power;0.1061
34.9708;-79.9208;Power;0.105261
35.4711;-97.6733;Power;0.103983
32.735323;-117.208299;Power;0.103196
37.425;-121.9319;Power;0.102713
37.5739;-120.9854;Power;0.102191
42.1292;-71.5122;Power;0.102135
33.989444;-117.681111;Power;0.100872
38.3681;-82.5339;Power;0.100247
40.7586;-73.9592;Power;0.100241
28.4272;-81.5803;Power;0.099501
28.9047;-81.3319;Power;0.099234
48.746;-122.486;Power;0.098253
41.4774;-83.4616;Power;0.098234
34.0911;-117.5256;Power;0.09759
28.3661;-80.7947;Power;0.097315
48.4553;-122.435;Power;0.097033
39.9422;-75.1875;Power;0.097008
39.7139;-83.1778;Power;0.096814
34.2072;-119.2511;Power;0.096488
44.5303;-70.5219;Power;0.095546
30.662586;-81.469563;Power;0.095531
42.955455;-85.479053;Power;0.095153
47.263975;-93.62817;Power;0.094899
31.2546;-88.0299;Power;0.094347
33.5883;-85.9731;Power;0.093932
28.924928;-99.08848;Power;0.093768
32.6581;-98.3103;Power;0.093565
39.8668;-77.6859;Power;0.093498
39.6692;-105.0018;Power;0.093179
32.574756;-116.917302;Power;0.091387
33.8581;-117.8616;Power;0.091166
37.1753;-81.9617;Power;0.090763
41.9227;-72.6255;Power;0.089809
32.9175;-111.5041;Power;0.089748
40.5083;-122.4253;Power;0.089534
20.094083;-155.471028;Power;0.089444
34.05624;-118.24312;Power;0.089403
41.9997;-88.2445;Power;0.089389
32.9856;-83.8464;Power;0.088164
37.4964;-77.4319;Power;0.087478
34.6022;-82.435;Power;0.087012
29.702;-95.071;Power;0.086834
39.3757;-74.9654;Power;0.085701
43.0978;-70.7842;Power;0.085565
31.9842;-89.4131;Power;0.084854
42.0917;-79.2417;Power;0.083571
37.0001;-121.5367;Power;0.08311
44.5661;-92.52892;Power;0.082896
40.850407;-81.766314;Power;0.082873
38.249301;-85.750689;Power;0.082813
42.6658;-88.0131;Power;0.082752
40.6781;-74.2744;Power;0.082662
32.4853;-83.6036;Power;0.082587
40.6206;-85.3057;Power;0.082115
42.4564;-73.2181;Power;0.081189
44.973474;-93.267695;Power;0.081118
40.5447;-79.7678;Power;0.081111
42.33811;-83.04382;Power;0.08063
40.52012;-81.46759;Power;0.08013
40.7686;-111.9289;Power;0.079999
37.7965;-121.6049;Power;0.079875
30.7217;-96.4599;Power;0.079466
42.5375;-73.7433;Power;0.079407
37.4978;-77.368;Power;0.079137
42.774;-82.4818;Power;0.07909
21.89965;-159.585808;Power;0.078352
28.0271;-81.8458;Power;0.078252
39.03351;-76.98601;Power;0.078127
41.50329;-81.6039;Power;0.078125
41.4486;-72.8358;Power;0.077667
31.6004;-89.9468;Power;0.077244
38.5569;-104.6875;Power;0.076589
28.8947;-97.1347;Power;0.076538
30.60356;-87.13305;Power;0.076019
40.6663;-112.031;Power;0.075634
35.4617;-93.8053;Power;0.075136
40.0914;-104.8819;Power;0.074424
42.35;-71.0583;Power;0.07428
36.000833;-119.302222;Power;0.072414
37.7089;-78.2878;Power;0.072308
47.606793;-122.341659;Power;0.072206
36.4525;-77.6594;Power;0.071815
31.321;-92.4626;Power;0.071709
32.3558;-81.1683;Power;0.070501
34.4341;-92.9046;Power;0.070185
41.75;-72.6347;Power;0.070166
44.4489;-88.0731;Power;0.069865
35.556742;-115.470514;Power;0.069144
47.919358;-97.070882;Power;0.068891
36.6644;-82.1044;Power;0.068812
39.2499;-91.6444;Power;0.06852
33.0917;-82.9803;Power;0.068488
28.0491;-81.9238;Power;0.068286
34.4017;-80.1589;Power;0.06821
41.8287;-89.4054;Power;0.068078
40.9108;-96.6147;Power;0.067944
48.886533;-122.753527;Power;0.067351
30.6736;-91.3525;Power;0.067323
41.3033;-84.3386;Power;0.067139
40.2201;-103.679;Power;0.06712
36.7743;-76.3119;Power;0.066903
43.1622;-78.7453;Power;0.066762
40.6106;-73.7614;Power;0.066695
35.9515;-120.8679;Power;0.06663
44.7132;-73.4557;Power;0.066194
37.1086;-93.2592;Power;0.065194
38.3441;-82.5938;Power;0.064405
41.50897;-81.68229;Power;0.064066
43.1669;-88.69;Power;0.063992
13.51077;144.826955;Power;0.063546
30.2825;-92.5994;Power;0.063378
34.1556;-118.2782;Power;0.062134
35.1716;-106.6019;Power;0.061767
39.2794;-88.4772;Power;0.061577
34.3387;-82.8207;Power;0.061339
32.8769;-117.1664;Power;0.06084
38.88328;-77.0066;Power;0.059988
70.200176;-148.466685;Power;0.059872
29.3511;-98.5753;Power;0.05941
40.6553;-74.1124;Power;0.059244
40.7358;-73.3881;Power;0.059084
39.4889;-75.0347;Power;0.058923
37.78203;-122.40841;Power;0.058902
27.5667;-99.5083;Power;0.058883
34.5431;-98.3244;Power;0.058775
40.8275;-73.6478;Power;0.058485
44.8864;-91.5158;Power;0.058046
37.9892;-75.54;Power;0.057962
33.861807;-101.843823;Power;0.057844
38.6716;-87.2931;Power;0.0575
38.1114;-89.3467;Power;0.057285
40.9297;-84.7392;Power;0.057259
40.442121;-79.949221;Power;0.057013
42.1977;-72.5103;Power;0.056549
41.12703;-104.72413;Power;0.056406
39.75583;-104.99924;Power;0.056354
44.0361;-75.7712;Power;0.055993
13.4297068;144.6494573;Power;0.055104
41.1706;-95.9692;Power;0.054952
44.7855;-93.4315;Power;0.054941
44.196163;-94.003383;Power;0.054807
33.9636;-117.4528;Power;0.054364
37.5956;-97.4131;Power;0.054063
38.63639;-90.18108;Power;0.054013
28.3744;-82.1892;Power;0.053979
35.498971;-119.038199;Power;0.053793
45.121461;-95.0526;Power;0.053646
37.1124;-113.5155;Power;0.053619
45.92942;-112.52462;Power;0.053587
33.3516;-84.9996;Power;0.053523
40.1063;-87.6539;Power;0.053327
39.42737;-75.01947;Power;0.053043
40.663;-74;Power;0.052646
35.0442;-106.67;Power;0.052561
39.7281;-84.2103;Power;0.052226
46.7854;-92.09639;Power;0.051904
38.931098;-99.354339;Power;0.051789
43.7984;-94.8415;Power;0.051676
40.0747;-84.6147;Power;0.051643
31.9381;-94.9883;Power;0.051576
43.147;-115.6671;Power;0.051168
35.43522;-97.642633;Power;0.051119
42.7553;-86.0853;Power;0.050948
36.8678;-89.8397;Power;0.05078
33.7691;-118.2662;Power;0.050716
37.7315;-121.116;Power;0.050398
33.5648;-92.7917;Power;0.049923
30.3039;-94.2527;Power;0.049685
41.07354;-81.53199;Power;0.049649
38.3902;-85.4133;Power;0.049611
39.858;-75.323;Power;0.049597
40.6447;-73.5683;Power;0.049379
35.44735;-119.08652;Power;0.049189
39.273037;-76.618646;Power;0.048747
43.46;-76.53;Power;0.048514
44.94333;-93.096815;Power;0.048126
33.864888;-101.843346;Power;0.047981
43.6033;-96.6369;Power;0.047976
34.6063;-106.732;Power;0.047687
41.7694;-70.5097;Power;0.04756
41.7554;-72.67721;Power;0.047455
42.9671;-78.9182;Power;0.04673
39.8028;-84.8953;Power;0.046509
41.4844;-75.5403;Power;0.046412
34.1256;-118.1474;Power;0.046125
42.96325;-85.672565;Power;0.045812
37.1575;-76.6911;Power;0.045782
33.6039;-101.8408;Power;0.045356
41.6728;-70.9989;Power;0.045153
39.3597;-74.43401;Power;0.044629
39.7475;-79.8388;Power;0.044365
47.08187;-122.3649;Power;0.044319
33.135;-98.6117;Power;0.044065
37.2479;-93.1709;Power;0.043907
42.2383;-89.1014;Power;0.043815
71.292071;-156.77847;Power;0.043729
41.76182;-72.67019;Power;0.043654
39.1467;-75.5461;Power;0.043633
42.2403;-89.1025;Power;0.043035
39.370885;-74.430391;Power;0.042861
43.0974;-70.7834;Power;0.042833
39.9208;-87.445;Power;0.042506
43.0462;-88.0278;Power;0.042398
41.4281;-72.1019;Power;0.042389
45.3718;-98.1032;Power;0.042371
33.8539;-117.8561;Power;0.042075
40.6191;-76.45;Power;0.041785
41.2836;-72.9042;Power;0.0416
42.0875;-78.4578;Power;0.04138
40.7861;-73.2931;Power;0.040786
36.654;-120.5797;Power;0.040367
26.576745;-80.746737;Power;0.040124
33.9114;-116.5533;Power;0.040081
37.36465;-121.94463;Power;0.040028
32.986764;-79.932948;Power;0.039925
47.8034;-116.869;Power;0.039569
43.0611;-76.0819;Power;0.039367
36.68508;-119.55227;Power;0.039363
43.1794;-115.7328;Power;0.039338
38.6642;-90.1764;Power;0.039277
32.5517;-111.3;Power;0.039029
53.892656;-166.53787;Power;0.038632
41.8653;-71.1061;Power;0.038562
13.408671;144.673445;Power;0.038026
40.4638;-80.044;Power;0.037993
42.3085;-87.86253;Power;0.03773
33.2432;-115.498;Power;0.037466
38.2147;-85.8453;Power;0.037249
41.7181;-87.5449;Power;0.03717
13.543124;144.89113;Power;0.037108
41.317005;-105.571106;Power;0.036251
35.1597;-81.4306;Power;0.03611
32.2722;-101.4222;Power;0.035774
32.3766;-94.6415;Power;0.034853
32.52603;-92.64971;Power;0.034677
61.22141;-149.86579;Power;0.034668
36.1855;-94.2841;Power;0.034594
25.9131;-97.5214;Power;0.034245
36.81107;-97.12581;Power;0.033779
44.0281;-92.4597;Power;0.033626
39.3531;-91.2295;Power;0.033124
33.996305;-81.027157;Power;0.032805
43.8298;-91.26;Power;0.032525
41.7639;-72.6925;Power;0.032087
40.58125;-73.97456;Power;0.032078
40.4705;-88.3987;Power;0.031914
40.26582;-76.87643;Power;0.031853
39.528631;-87.426553;Power;0.03148
35.8481;-90.7257;Power;0.031436
41.7146;-90.2802;Power;0.03097
41.4947;-88.125;Power;0.030862
43.7997;-92.6819;Power;0.03077
61.17697;-149.87559;Power;0.030752
37.9703;-100.8956;Power;0.030751
44.97206;-93.25783;Power;0.030745
36.7205;-97.0868;Power;0.030704
35.03211;-117.34764;Power;0.030677
30.0253;-96.9945;Power;0.030459
40.450662;-80.003102;Power;0.030449
46.7356;-92.1531;Power;0.030147
35.0361;-114.1594;Power;0.030059
42.6544;-78.0772;Power;0.030035
40.216903;-74.765378;Power;0.029993
44.888355;-89.625821;Power;0.029863
42.6308;-71.3133;Power;0.0292
37.092883;-95.585053;Power;0.029186
33.7641;-118.2248;Power;0.029089
44.5364;-92.9147;Power;0.029083
33.8376;-83.6996;Power;0.0289
36.15774;-86.76984;Power;0.028648
38.7538;-93.9983;Power;0.028127
40.7539;-73.9506;Power;0.028045
43.4682;-76.4965;Power;0.027926
41.658211;-76.049513;Power;0.027739
36.159288;-95.996478;Power;0.027623
32.5672;-116.9444;Power;0.027451
40.0076;-105.2693;Power;0.027387
39.0717;-87.0128;Power;0.027234
43.15;-77.59999;Power;0.026965
41.5131;-94.9189;Power;0.026933
44.6807;-83.4199;Power;0.026844
40.787;-73.2933;Power;0.026804
35.007353;-117.666952;Power;0.02658
42.235;-70.9672;Power;0.026425
41.6508891;-76.8028933;Power;0.026361
40.6188;-74.069;Power;0.026083
48.2104;-104.3919;Power;0.026011
30.3764;-83.1806;Power;0.025992
44.200034;-85.218962;Power;0.025992
40.7197;-74.13;Power;0.025605
40.5564;-74.2461;Power;0.025581
33.359;-117.111;Power;0.025482
41.4297;-87.6187;Power;0.025445
32.7047;-93.9597;Power;0.02544
33.1261;-117.1172;Power;0.025341
39.2038;-103.7005;Power;0.025258
44.94302;-93.093857;Power;0.025033
31.5839;-102.9636;Power;0.024997
39.7661;-75.4242;Power;0.02468
37.457419;-122.176154;Power;0.024528
39.9175;-75.1192;Power;0.024449
29.5808;-90.7222;Power;0.024386
43.078689;-87.877823;Power;0.024276
19.6316;-155.0312;Power;0.023868
41.894073;-76.5850738;Power;0.023778
41.663988;-76.808492;Power;0.02375
40.7864;-73.9133;Power;0.023569
30.3644;-81.6236;Power;0.023552
38.8003;-86.4511;Power;0.023474
39.4492;-84.4611;Power;0.02347
21.106354;-157.06462;Power;0.023253
31.3869;-84.0814;Power;0.023174
40.6486;-74.0209;Power;0.023147
36.2397;-119.9044;Power;0.02307
39.29;-74.6339;Power;0.022659
39.1365;-121.6397;Power;0.022632
40.7168;-73.9665;Power;0.022437
37.1611;-100.7619;Power;0.022402
42.0956;-72.5958;Power;0.022263
37.1006;-76.39072;Power;0.022089
40.6447;-73.5683;Power;0.021905
42.5831;-89.0292;Power;0.021889
36.1199;-97.088842;Power;0.021879
39.451;-75.0578;Power;0.021801
40.2415;-103.631;Power;0.021611
28.646881;-96.545839;Power;0.021394
32.8265;-79.9634;Power;0.021278
39.3092;-91.5369;Power;0.021074
41.3937;-87.9437;Power;0.020476
36.999;-121.5363;Power;0.020393
47.5444;-95.1297;Power;0.020225
41.8081;-90.2345;Power;0.020201
61.08304;-146.30223;Power;0.020197
32.97658;-103.324315;Power;0.020167
43.0792;-89.3739;Power;0.019495
37.6953;-95.4586;Power;0.019456
43.13415;-89.39856;Power;0.019173
32.2363;-108.5494;Power;0.01915
43.836848;-85.42409;Power;0.01848
35.4317;-81.0347;Power;0.018279
34.8422;-79.7367;Power;0.018187
39.2719;-76.6186;Power;0.018051
46.756876;-88.455897;Power;0.018034
39.26081;-76.52995;Power;0.017815
35.3246;-96.136;Power;0.017809
33.11862;-117.09927;Power;0.017576
31.7569;-106.375;Power;0.017329
40.7988;-73.9093;Power;0.016901
40.8153;-73.0664;Power;0.016844
35.44735;-119.08652;Power;0.016744
42.2947;-83.1019;Power;0.01673
45.0688;-83.893158;Power;0.01646
35.2597;-91.3631;Power;0.016445
40.4586;-74.3327;Power;0.016141
38.7926;-121.3823;Power;0.015865
42.5083;-78.0661;Power;0.015488
40.7316;-96.7364;Power;0.015352
40.1083;-88.5986;Power;0.015234
40.7478;-74.0719;Power;0.014922
33.1661;-86.2825;Power;0.014823
41.5444;-73.0416;Power;0.014762
45.601;-93.2081;Power;0.014517
39.7369;-105.0169;Power;0.014348
39.1486;-94.6405;Power;0.014229
33.6094;-93.7924;Power;0.014211
60.499493;-150.996678;Power;0.014122
39.4217;-76.5087;Power;0.014094
41.6835;-87.5563;Power;0.013893
40.7989;-73.9147;Power;0.013838
36.137174;-115.034529;Power;0.013711
42.2081;-83.1453;Power;0.013691
46.5869;-90.9017;Power;0.013655
34.7439;-87.8486;Power;0.013265
35.491672;-119.041739;Power;0.013231
38.8615;-94.2982;Power;0.013149
35.490363;-119.042957;Power;0.012987
39.4547;-75.2011;Power;0.012926
37.10544;-120.283225;Power;0.012923
40.9472;-95.9667;Power;0.012645
36.6894;-119.7399;Power;0.012113
43.0722;-86.2342;Power;0.012105
36.2689;-119.6469;Power;0.012057
35.61139;-118.93682;Power;0.012052
39.2798;-75.6246;Power;0.011878
40.5661;-75.165;Power;0.011522
37.0456;-95.6076;Power;0.011159
44.6889;-85.2019;Power;0.011088
41.5572;-93.5242;Power;0.010838
37.408333;-121.929167;Power;0.01074
32.72791;-114.65371;Power;0.010695
39.8233;-89.5888;Power;0.010693
29.8208;-95.2194;Power;0.010559
42.0931;-88.2397;Power;0.010538
35.44735;-119.08652;Power;0.010411
35.44735;-119.08652;Power;0.010411
42.9828;-78.1592;Power;0.010299
37.7313;-121.1161;Power;0.010235
39.5697;-90.4362;Power;0.009911
36.72488;-108.19144;Power;0.009905
33.1707;-96.1264;Power;0.009743
42.4407;-92.4205;Power;0.009433
33.0667;-96.4519;Power;0.009407
40.0753;-74.8781;Power;0.009389
40.76;-73.75;Power;0.00938
39.2661;-76.6042;Power;0.009319
36.546786;-119.579425;Power;0.009043
40.9569;-72.8774;Power;0.008418
39.857817;-105.225894;Power;0.008199
35.44735;-119.08652;Power;0.008177
44.7258;-75.4417;Power;0.008096
32.4033;-97.6986;Power;0.008068
43.1606;-95.2569;Power;0.007916
35.7422;-97.655;Power;0.007837
45.45807;-98.50242;Power;0.007634
40.6635;-74.0051;Power;0.007539
38.7878;-94.985;Power;0.007474
32.2511;-110.9889;Power;0.007229
42.1364;-71.4478;Power;0.007182
32.833812;-117.134588;Power;0.007103
32.1264;-96.1014;Power;0.006916
41.5404;-90.4483;Power;0.006881
39.0919;-94.3261;Power;0.006778
38.7619;-89.0128;Power;0.006671
34.0414;-117.3603;Power;0.006489
44.781;-93.042;Power;0.006476
29.7586;-82.3883;Power;0.005991
38.9658;-92.3175;Power;0.005973
42.5267;-92.4394;Power;0.00593
43.0803;-75.6003;Power;0.005852
38.0906;-97.8747;Power;0.005843
34.6063;-106.732;Power;0.00579
32.3494;-108.6975;Power;0.005777
29.6255;-95.067;Power;0.005716
33.585139;-101.88625;Power;0.005715
44.1212;-103.2608;Power;0.005613
39.4851;-86.4176;Power;0.005494
41.573;-73.9646;Power;0.005402
43.0483;-78.8539;Power;0.005284
36.225;-121.1278;Power;0.005235
36.4364;-77.6167;Power;0.005194
47.5306;-92.1619;Power;0.005173
41.726396;-81.254031;Power;0.005156
38.088;-121.3871;Power;0.005142
45.0291;-84.7332;Power;0.004965
64.291944;-149.185;Power;0.004937
44.574508;-68.804038;Power;0.004852
39.2928;-76.62597;Power;0.004566
42.2797;-85.4922;Power;0.004543
28.56084;-97.84955;Power;0.00444
26.6125;-80.0678;Power;0.004404
38.6996;-88.5392;Power;0.004353
44.2853;-105.3841;Power;0.004328
29.87449;-95.106947;Power;0.004221
41.4297;-82.2633;Power;0.004186
32.3358;-100.9158;Power;0.003883
41.8358;-79.19;Power;0.003678
29.2639;-95.8997;Power;0.003609
40.7375;-74.1211;Power;0.003523
33.92607;-118.06822;Power;0.003426
40.9572;-72.8664;Power;0.003239
37.2175;-88.8658;Power;0.003126
42.63;-73.75;Power;0.003087
39.980726;-76.682643;Power;0.002912
37.7328;-99.9497;Power;0.002839
44.9503;-74.8928;Power;0.002834
33.5211;-101.7906;Power;0.002557
40.4911;-74.3958;Power;0.002425
43.9842;-75.6225;Power;0.002398
34.183;-90.5621;Power;0.002377
41.6722;-93.6769;Power;0.002361
33.8759;-118.2491;Power;0.002295
37.6467;-87.5033;Power;0.002264
40.91;-75.0789;Power;0.002255
40.9056;-74.1308;Power;0.002139
38.3864;-97.61;Power;0.002135
40.6941;-99.7005;Power;0.001975
39.2986;-76.5636;Power;0.001724
39.4099;-84.5544;Power;0.001649
42.0269;-93.5828;Power;0.001507
37.5103298;-90.3371889;Power;0.001215
36.4364;-77.6167;Power;0.000992
37.2376;-96.9619;Power;0.000991
32.9217;-94.7158;Power;0.000855
39.2369;-76.5133;Power;6E-04
43.07611;-89.42518;Power;0.000576
39.9425;-75.1883;Power;0.000547
42.7956;-86.1133;Power;0.000519
42.506;-90.6527;Power;0.000444
41.1269;-74.1653;Power;0.000407
41.4278;-74.4186;Power;0.000399
40.1797;-74.7325;Power;0.000327
46.764138;-89.567836;Power;0.000312
30.21023;-90.99085;Power;0.000243
34.503981;-110.33618;Power;0.000236
60.693619;-151.387377;Power;0.000161
36.7711;-76.3019;Power;0.000128
35.1285;-77.17;Power;0.000107
41.6713;-81.4432;Power;7.9e-05
38.0392;-121.894;Power;6.9e-05
31.3869;-84.0819;Power;5.3e-05
21.310595;-158.10339;Power;3.9e-05
37.9628;-86.7917;Power;3.2e-05
47.5314;-90.9111;Power;1.2e-05
42.49;-79.35;Power;1.1e-05
39.646803;-106.940343;Power;1E-06
29.73934;-95.022404;Fuel refining;9.462502
29.3775;-94.9328;Fuel refining;7.063743
33.81323;-118.24298;Fuel refining;5.308573
30.484917;-91.17392;Fuel refining;6.073666
30.0639;-94.0703;Fuel refining;5.671961189
29.883333;-93.958333;Fuel refining;5.422
41.6703;-87.4803;Fuel refining;4.693683
30.182611;-93.322809;Fuel refining;4.658391
37.938779;-122.396453;Fuel refining;3.163656
38.8375;-90.0675;Fuel refining;3.218855
30.06132;-90.59353;Fuel refining;4.014786
30.000964;-90.403863;Fuel refining;3.930532
44.7684;-93.0406;Fuel refining;2.617876
29.722222;-95.126944;Fuel refining;3.808014
30.343733;-88.4938;Fuel refining;2.533814
33.9082;-118.4085;Fuel refining;3.066589
39.5936;-75.6337;Fuel refining;3.203371654
38.016594;-122.115392;Fuel refining;2.512778
39.9058;-75.2122;Fuel refining;3.200944
27.81775;-97.482552;Fuel refining;2.625856
33.854967;-118.336907;Fuel refining;1.774244
29.68;-89.980833;Fuel refining;2.790463
40.6365;-74.2199;Fuel refining;2.45135
27.832011;-97.525582;Fuel refining;2.535813
29.985278;-90.392778;Fuel refining;2.072105
41.4167;-88.1833;Fuel refining;2.404623
38.07167;-122.13975;Fuel refining;1.568798
29.369167;-94.911111;Fuel refining;2.379992
30.10846;-90.89677;Fuel refining;2.357948
38.0251;-122.0639;Fuel refining;1.664186
35.70306;-101.36305;Fuel refining;1.624323
48.8864;-122.7353;Fuel refining;1.476085
38.375;-82.6042;Fuel refining;2.101319
29.070847;-95.750363;Fuel refining;1.989037
33.774469;-118.290696;Fuel refining;1.391988
48.472836;-122.560194;Fuel refining;1.892335
29.868333;-93.968333;Fuel refining;1.878495
41.6328;-83.5019;Fuel refining;1.834092
39;-87.7222;Fuel refining;1.781607
39.84;-75.2583;Fuel refining;1.766731
30.242155;-93.274386;Fuel refining;1.768338
29.7125;-95.235833;Fuel refining;1.756121
41.6439;-88.0467;Fuel refining;1.705768
35.951944;-101.873889;Fuel refining;1.618837
29.957935;-93.897484;Fuel refining;1.710905
37.794007;-96.87414;Fuel refining;1.103957
29.934296;-89.972191;Fuel refining;1.595668
38.0436;-122.2532;Fuel refining;1.294926
40.7234;-84.1133;Fuel refining;1.424558
41.6786;-83.4539;Fuel refining;1.387519
48.489534;-122.564292;Fuel refining;1.34454
35.085843;-90.083385;Fuel refining;1.104706
39.8228;-75.4033;Fuel refining;1.278369
29.722274;-95.254401;Fuel refining;1.258566
38.347278;-97.673846;Fuel refining;0.857302
37.047556;-95.606106;Fuel refining;1.121324
41.77899;-107.104;Fuel refining;0.743489
33.78178;-118.23241;Fuel refining;1.031728
34.20569;-97.10417;Fuel refining;0.856786
33.8048;-118.2431;Fuel refining;0.638226
45.65922;-108.76778;Fuel refining;0.648735
39.805556;-104.944444;Fuel refining;0.765867
44.850583;-93.002139;Fuel refining;0.743124
32.269104;-101.417673;Fuel refining;0.850749
42.282182;-83.158756;Fuel refining;0.817408
29.723889;-95.208888;Fuel refining;0.805385
33.2003;-87.607;Fuel refining;0.606573
34.63001;-97.16942;Fuel refining;0.787866
45.776389;-108.484444;Fuel refining;0.539238
41.128381;-104.787925;Fuel refining;0.64843
48.830142;-122.692114;Fuel refining;0.745348
29.930278;-89.943889;Fuel refining;0.73382
60.683603;-151.367204;Fuel refining;0.603769
33.200091;-92.675095;Fuel refining;0.655401
36.12266;-96.00048;Fuel refining;0.662223
45.813904;-108.433295;Fuel refining;0.519059
41.82949;-79.12468;Fuel refining;0.585767
40.886022;-111.904759;Fuel refining;0.61861
32.848593;-104.394383;Fuel refining;0.461571
40.7889;-111.90441;Fuel refining;0.610409
21.311415;-158.093615;Fuel refining;0.480729
30.475803;-91.208107;Fuel refining;0.600503
29.376111;-94.908055;Fuel refining;0.58518
28.456667;-98.190277;Fuel refining;0.573815
46.85055;-100.88083;Fuel refining;0.570049
70.3233;-149.605;Fuel refining;0.555601
30.526504;-91.748383;Fuel refining;0.54614
40.7729;-81.4151;Fuel refining;0.53686
27.804444;-97.424444;Fuel refining;0.510709
40.8249;-111.9238;Fuel refining;0.497615
36.13914;-96.02544;Fuel refining;0.490116
21.309854;-158.111997;Fuel refining;0.470092
32.470169;-93.792975;Fuel refining;0.368221
30.79742;-88.08354;Fuel refining;0.414513
32.362643;-95.280179;Fuel refining;0.387697
47.523611;-111.294167;Fuel refining;0.189146
46.6915;-92.072;Fuel refining;0.311735
32.388015;-90.900203;Fuel refining;0.212594
40.838386;-111.921443;Fuel refining;0.256324
42.5129;-106.1434;Fuel refining;0.255032
35.490278;-108.425;Fuel refining;0.237413
30.1338;-93.3206;Fuel refining;0.226481
40.6111;-80.630833;Fuel refining;0.204451
28.51343;-96.794646;Fuel refining;0.207698
35.038889;-120.589722;Fuel refining;0.188577
37.925417;-87.904972;Fuel refining;0.185626
43.85126;-104.21486;Fuel refining;0.162775
35.295278;-118.921111;Fuel refining;0.153039
47.087672;-102.9482;Fuel refining;0.136202
32.975336;-103.451177;Fuel refining;0.142021
47.257694;-122.395259;Fuel refining;0.13202
41.965472;-78.633108;Fuel refining;0.114777
27.818373;-97.502778;Fuel refining;0.109136
35.39511;-119.04652;Fuel refining;0.070108
17.7102;-64.7544;Fuel refining;0.099236
32.800556;-93.412778;Fuel refining;0.081417
32.58901;-93.51512;Fuel refining;0.055348
61.083809;-146.250842;Fuel refining;0.051233
30.008331;-90.327783;Fuel refining;0.064135
39.840932;-75.226205;Fuel refining;0.054649
29.3476;-98.4603;Fuel refining;0.054153
40.86631;-111.91187;Fuel refining;0.05341
27.811441;-97.431765;Fuel refining;0.05332
35.4185;-119.0112;Fuel refining;0.046231
33.946295;-118.16704;Fuel refining;0.037881
33.364143;-92.716924;Fuel refining;0.02087
41.260556;-110.806944;Fuel refining;0.030726
31.8167;-89.0089;Fuel refining;0.027843
34.929609;-120.511998;Fuel refining;0.024134
70.254036;-148.346077;Fuel refining;0.0234
29.261336;-97.786582;Fuel refining;0.022257
64.733253;-147.344964;Fuel refining;0.017868
33.79699;-118.23971;Fuel refining;0.014704
38.6226;-115.6198;Fuel refining;0.014273
33.899538;-118.15141;Fuel refining;0.013099
31.1761;-87.438268;Fuel refining;0.011307
64.737264;-147.34844;Fuel refining;0.000856
37.070656;-84.616671;Fuel refining;0.000384
41.627864;-87.143816;Iron and steel;10.1314
41.6133;-87.3281;Iron and steel;9.214699
41.68;-87.4264;Iron and steel;6.730464
41.651165;-87.459167;Iron and steel;4.684161
39.4968;-84.3901;Iron and steel;4.415218
41.4739;-81.6728;Iron and steel;4.400217
42.283109;-83.111613;Iron and steel;4.008854
40.3925;-79.8564;Iron and steel;3.603247
47.564451;-92.63057;Iron and steel;1.396367
42.301742;-83.162934;Iron and steel;1.2403
46.439735;-87.649771;Iron and steel;1.163187
41.656321;-87.450142;Iron and steel;1.018204
38.5973;-82.8271;Iron and steel;0.878798
41.370152;-84.921695;Iron and steel;0.82804
27.890959;-97.281213;Iron and steel;0.749301
40.3097;-79.8819;Iron and steel;0.732939
47.286;-91.26;Iron and steel;0.671257
33.006008;-79.882331;Iron and steel;0.645497
38.69528;-90.1338;Iron and steel;0.556406
33.443611;-88.575556;Iron and steel;0.513623
37.234409;-82.036899;Iron and steel;0.46808
40.780505;-81.397259;Iron and steel;0.430013
39.47215;-84.39693;Iron and steel;0.388001
41.48553;-90.82278;Iron and steel;0.387356
34.638906;-87.089036;Iron and steel;0.383121
40.3372;-79.9108;Iron and steel;0.365713
47.3527;-92.5764;Iron and steel;0.359225
35.901866;-89.775643;Iron and steel;0.35496
38.727778;-85.072222;Iron and steel;0.335831
36.355216;-76.81115;Iron and steel;0.326027
39.9747;-86.8301;Iron and steel;0.322028
35.941463;-89.712694;Iron and steel;0.310306
33.23375;-87.50693;Iron and steel;0.307836
30.943048;-88.012823;Iron and steel;0.302235
41.56517;-84.03754;Iron and steel;0.290912
41.1236;-85.35;Iron and steel;0.290002
38.766667;-85.004167;Iron and steel;0.287687
40.82926;-79.94273;Iron and steel;0.270719
38.6954;-90.1367;Iron and steel;0.252302
47.476831;-92.967271;Iron and steel;0.251857
35.6969927;-90.0373201;Iron and steel;0.245132
38.232627;-104.607257;Iron and steel;0.237883
40.34361;-80.60667;Iron and steel;0.23372
42.26956;-83.13643;Iron and steel;0.226559
47.559109;-92.518973;Iron and steel;0.2164
32.458249;-97.036607;Iron and steel;0.211572
41.211242;-80.81682;Iron and steel;0.203418
34.375958;-79.896878;Iron and steel;0.193563
47.41326;-93.06357;Iron and steel;0.188911
41.8825;-112.1964;Iron and steel;0.185232
29.57906;-98.02368;Iron and steel;0.184555
42.078346;-97.360153;Iron and steel;0.177753
39.98301;-75.82791;Iron and steel;0.175829
31.15624;-88.01275;Iron and steel;0.172042
35.04991;-90.15314;Iron and steel;0.171077
47.569331;-122.367332;Iron and steel;0.168933
39.876783;-86.482113;Iron and steel;0.168848
40.161547;-79.883469;Iron and steel;0.166512
33.580769;-86.781281;Iron and steel;0.166246
31.354802;-96.165199;Iron and steel;0.164092
40.361105;-75.936838;Iron and steel;0.159267
41.656474;-87.625847;Iron and steel;0.157163
41.1266;-80.6848;Iron and steel;0.156839
40.642503;-89.645771;Iron and steel;0.148309
40.78449;-82.52327;Iron and steel;0.139932
41.442661;-81.66421;Iron and steel;0.135228
43.39696;-87.94775;Iron and steel;0.134468
33.557464;-86.799671;Iron and steel;0.121649
41.62152;-87.16148;Iron and steel;0.118368
40.608538;-79.726766;Iron and steel;0.11726
41.897173;-83.361645;Iron and steel;0.108828
33.963256;-81.049798;Iron and steel;0.104675
40.5707;-83.1388;Iron and steel;0.104244
42.95071;-76.57087;Iron and steel;0.103926
40.23258;-76.83645;Iron and steel;0.103023
41.181332;-87.856643;Iron and steel;0.100789
33.534104;-86.757929;Iron and steel;0.092969
30.082397;-94.074476;Iron and steel;0.09183
37.179254;-77.447487;Iron and steel;0.087771
41.786281;-89.709809;Iron and steel;0.085845
35.648518;-91.244662;Iron and steel;0.084252
35.3025;-94.375278;Iron and steel;0.083329
40.83557;-80.321971;Iron and steel;0.083276
32.311967;-90.137228;Iron and steel;0.081112
35.72409;-88.81766;Iron and steel;0.078275
37.27251;-79.99861;Iron and steel;0.0782
34.242779;-84.797775;Iron and steel;0.077847
45.2289;-123.1627;Iron and steel;0.074646
30.28835;-81.977729;Iron and steel;0.069711
30.03686;-90.46454;Iron and steel;0.066099
33.54539;-86.8093;Iron and steel;0.065619
40.638056;-77.573333;Iron and steel;0.064231
40.302598;-79.372804;Iron and steel;0.061298
42.983638;-78.92728;Iron and steel;0.061197
36.380556;-86.416111;Iron and steel;0.059254
34.09787;-117.529362;Iron and steel;0.056102
36.990641;-76.432803;Iron and steel;0.05534
44.89093;-93.010843;Iron and steel;0.054291
40.479262;-74.321207;Iron and steel;0.053994
38.425484;-82.433269;Iron and steel;0.052075
32.3817587;-94.7070616;Iron and steel;0.048811
42.202661;-84.363023;Iron and steel;0.048264
34.07091;-96.75503;Iron and steel;0.044659
42.141701;-80.069711;Iron and steel;0.044567
33.2853;-111.5863;Iron and steel;0.044494
31.96534;-106.585052;Iron and steel;0.044168
35.33908;-80.83114;Iron and steel;0.042146
40.36682;-80.09976;Iron and steel;0.041948
40.859451;-80.258591;Iron and steel;0.041764
40.99341;-80.34696;Iron and steel;0.041438
40.4077;-80.4053;Iron and steel;0.040381
41.72854;-87.59164;Iron and steel;0.039824
38.88321;-90.14503;Iron and steel;0.033914
41.585661;-91.042156;Iron and steel;0.028726
40.192646;-78.933994;Iron and steel;0.024966
40.71044;-84.10831;Iron and steel;0.015162
41.841555;-79.27005;Iron and steel;0.002783
40.63537;-80.44903;Iron and steel;0.000589
47.586907;-92.234192;Iron and steel;0.000112
29.73934;-95.022404;Chemicals;0.077841
30.098563;-90.95599;Chemicals;7.787715
33.81323;-118.24298;Chemicals;1.030633
30.484917;-91.17392;Chemicals;0.02872
30.0639;-94.0703;Chemicals;0.08450281072
37.938779;-122.396453;Chemicals;1.41843
38.8375;-90.0675;Chemicals;1.032121
30.000964;-90.403863;Chemicals;0.052076
44.7684;-93.0406;Chemicals;1.310594
29.722222;-95.126944;Chemicals;0.098494
36.5192;-82.535;Chemicals;3.854746
30.343733;-88.4938;Chemicals;1.179557
33.9082;-118.4085;Chemicals;0.559164
39.5936;-75.6337;Chemicals;0.3605933461
28.9792;-95.3549;Chemicals;3.463984
28.6753;-96.5495;Chemicals;3.443954
38.016594;-122.115392;Chemicals;0.814465
47.360814;-101.838222;Chemicals;3.234419
27.81775;-97.482552;Chemicals;0.38382
30.221;-93.2826;Chemicals;2.891554
33.854967;-118.336907;Chemicals;1.092932
29.987341;-90.445067;Chemicals;2.857844
29.859444;-93.965833;Chemicals;2.618394
40.6365;-74.2199;Chemicals;0.141445
30.320903;-91.239015;Chemicals;2.529194
29.985278;-90.392778;Chemicals;0.442531
38.07167;-122.13975;Chemicals;0.833518
42.32786;-96.36489;Chemicals;2.343846
29.230631;-95.188487;Chemicals;2.329078
36.233516;-95.719098;Chemicals;2.294004
38.0251;-122.0639;Chemicals;0.506412
32.4472;-94.6917;Chemicals;2.147168
35.70306;-101.36305;Chemicals;0.506116
48.8864;-122.7353;Chemicals;0.641165
32.7976;-88.6057;Chemicals;2.01091
29.8308;-95.1164;Chemicals;1.974269
33.774469;-118.290696;Chemicals;0.501816
28.969389;-95.379528;Chemicals;1.877715
29.6225;-95.0458;Chemicals;1.832161
27.883611;-97.241383;Chemicals;1.774394
39.84;-75.2583;Chemicals;0.006044
41.6439;-88.0467;Chemicals;0.046625
35.951944;-101.873889;Chemicals;0.101312
36.37858;-97.7639;Chemicals;1.671273
37.794007;-96.87414;Chemicals;0.552717
29.951649;-93.887272;Chemicals;1.648972
41.668631;-87.472829;Chemicals;1.610101
29.365859;-94.936113;Chemicals;1.497
38.0436;-122.2532;Chemicals;0.148116
29.706291;-95.057016;Chemicals;1.371559
37.04536;-95.60517;Chemicals;1.342328
35.085843;-90.083385;Chemicals;0.207707
29.72376;-95.07422;Chemicals;1.256893
40.717499;-84.132274;Chemicals;1.253835
29.070847;-95.750363;Chemicals;1.235564
27.81;-97.593611;Chemicals;1.216409
33.44198;-81.93391;Chemicals;1.210746
38.347278;-97.673846;Chemicals;0.339869
37.047556;-95.606106;Chemicals;0.063273
30.0169;-90.40874;Chemicals;1.169458
30.262255;-91.185837;Chemicals;1.167059
30.596678;-87.251977;Chemicals;1.102284
32.904444;-90.383056;Chemicals;1.085674
29.826;-94.921917;Chemicals;1.053082
37.1815;-77.1621;Chemicals;1.040132
40.69589;-91.23633;Chemicals;1.040009
29.89028;-93.9368;Chemicals;1.0374
41.77899;-107.104;Chemicals;0.289848
34.20569;-97.10417;Chemicals;0.141499
29.964823;-90.26462;Chemicals;0.981853
29.717471;-95.068008;Chemicals;0.970472
29.892778;-93.973333;Chemicals;0.965003
30.225784;-91.053154;Chemicals;0.952817
30.493536;-91.187226;Chemicals;0.934705
30.184161;-90.992889;Chemicals;0.916025
33.8048;-118.2431;Chemicals;0.276228
30.00055;-90.39502;Chemicals;0.909666
30.09959;-90.648851;Chemicals;0.890024
45.65922;-108.76778;Chemicals;0.239617
39.805556;-104.944444;Chemicals;0.114761
44.850583;-93.002139;Chemicals;0.121052
30.179916;-93.359229;Chemicals;0.861341
35.6417;-101.4228;Chemicals;0.852058
36.436389;-99.471111;Chemicals;0.851815
38.047952;-122.256895;Chemicals;0.83685
30.209725;-91.012892;Chemicals;0.824155
33.2003;-87.607;Chemicals;0.19845
34.63001;-97.16942;Chemicals;0.00575
28.510636;-96.771527;Chemicals;0.791232
30.054796;-93.753863;Chemicals;0.790222
45.776389;-108.484444;Chemicals;0.250429
30.241902;-93.274446;Chemicals;0.779906
38.032767;-122.07594;Chemicals;0.776438
30.205949;-91.0207;Chemicals;0.770051
30.238889;-93.281944;Chemicals;0.754847
41.128381;-104.787925;Chemicals;0.102679
29.850396;-93.977222;Chemicals;0.748292
33.780833;-118.241111;Chemicals;0.746996
33.26584;-92.688678;Chemicals;0.742711
30.380556;-89.307778;Chemicals;0.737106
30.233183;-91.051;Chemicals;0.735198
29.651494;-95.053576;Chemicals;0.731481
29.92444;-90.352217;Chemicals;0.722823
29.868856;-93.933794;Chemicals;0.720501
29.002075;-95.399777;Chemicals;0.717637
60.683603;-151.367204;Chemicals;0.106294
30.10817;-90.88404;Chemicals;0.701383
28.673056;-96.953611;Chemicals;0.690747
29.69845;-95.254597;Chemicals;0.68542
33.200091;-92.675095;Chemicals;0.010453
29.623333;-95.045833;Chemicals;0.657652
42.44315;-90.55762;Chemicals;0.657373
42.499406;-94.017177;Chemicals;0.630866
33.916355;-118.418634;Chemicals;0.629814
45.813904;-108.433295;Chemicals;0.107845
30.08367;-90.91325;Chemicals;0.623229
30.08013;-90.916;Chemicals;0.621772
29.625819;-95.061592;Chemicals;0.621074
41.82949;-79.12468;Chemicals;0.033619
33.812778;-118.231389;Chemicals;0.612023
32.848593;-104.394383;Chemicals;0.150259
30.199444;-91.013333;Chemicals;0.611017
30.2594;-91.1737;Chemicals;0.605455
21.311415;-158.093615;Chemicals;0.124026
29.62132;-95.064683;Chemicals;0.584309
40.319147;-96.841297;Chemicals;0.576601
29.2567;-95.2144;Chemicals;0.572818
29.716191;-95.194361;Chemicals;0.562436
42.687031;-111.5878;Chemicals;0.558272
30.139164;-93.526936;Chemicals;0.555967
41.636578;-83.495172;Chemicals;0.539885
39.7475;-80.8547;Chemicals;0.528596
34.6339;-87.0244;Chemicals;0.526909
29.706248;-95.251079;Chemicals;0.523493
37.777013;-99.929746;Chemicals;0.519296
21.309854;-158.111997;Chemicals;0.004881
41.807364;-90.295307;Chemicals;0.450208
32.4478;-94.6875;Chemicals;0.440289
36.0419;-87.9753;Chemicals;0.427169
37.04659;-88.32708;Chemicals;0.425525
32.470169;-93.792975;Chemicals;0.056179
29.37815;-94.90251;Chemicals;0.398697
29.68576;-91.473179;Chemicals;0.383425
29.816654;-95.107603;Chemicals;0.376873
33.730556;-88.4525;Chemicals;0.376232
27.813911;-97.472347;Chemicals;0.375203
30.0175;-94.033889;Chemicals;0.372106
42.28689;-83.15642;Chemicals;0.371991
29.757778;-95.023056;Chemicals;0.360769
30.501722;-91.185833;Chemicals;0.360593
29.598883;-95.013606;Chemicals;0.360231
29.958889;-90.270472;Chemicals;0.357476
35.37745;-76.778816;Chemicals;0.356555
41.412897;-88.329773;Chemicals;0.349021
32.535981;-94.399072;Chemicals;0.348743
30.225083;-91.069424;Chemicals;0.341933
30.21023;-90.99085;Chemicals;0.324881
32.273133;-101.405326;Chemicals;0.321826
30.7492;-92.2532;Chemicals;0.321818
41.639479;-88.102984;Chemicals;0.320285
41.0949;-104.9063;Chemicals;0.320025
30.3288;-91.2792;Chemicals;0.318161
34.80302;-87.93974;Chemicals;0.316951
41.889223;-80.763715;Chemicals;0.316713
47.523611;-111.294167;Chemicals;0.126556
35.665516;-101.435748;Chemicals;0.314968
29.73;-95.102778;Chemicals;0.302901
32.388015;-90.900203;Chemicals;0.082161
30.028333;-89.901111;Chemicals;0.288391
34.64;-87.0583;Chemicals;0.266628
30.196389;-93.306944;Chemicals;0.265456
36.241247;-95.278349;Chemicals;0.253717
29.682045;-91.456159;Chemicals;0.249373
40.2128;-75.3022;Chemicals;0.242779
27.834363;-82.049256;Chemicals;0.240559
28.570964;-96.83341;Chemicals;0.240077
35.665695;-101.43327;Chemicals;0.236655
36.66616;-97.07163;Chemicals;0.232553
38.026667;-122.067222;Chemicals;0.232264
40.6111;-80.630833;Chemicals;0.009583
39.30487;-81.56691;Chemicals;0.20309
29.734346;-91.482148;Chemicals;0.199775
45.9122;-122.8286;Chemicals;0.197559
27.809555;-97.457489;Chemicals;0.197436
30.208604;-91.011128;Chemicals;0.197004
29.981116;-93.952389;Chemicals;0.19501
28.98037;-95.38396;Chemicals;0.187346
39.1792;-84.5053;Chemicals;0.184601
32.005405;-93.387829;Chemicals;0.183754
38.384444;-82.598528;Chemicals;0.176811
29.359644;-94.931297;Chemicals;0.172406
40.82147;-111.92162;Chemicals;0.172273
41.668631;-87.472829;Chemicals;0.168246
29.759767;-94.907294;Chemicals;0.162471
32.43376;-84.97258;Chemicals;0.161854
30.516944;-88.14028;Chemicals;0.160441
35.980943;-101.891253;Chemicals;0.159855
35.722567;-91.524977;Chemicals;0.157361
38.7074;-85.1048;Chemicals;0.157283
30.18139;-93.35889;Chemicals;0.152915
40.0067;-75.0686;Chemicals;0.152031
47.087672;-102.9482;Chemicals;0.011414
34.372516;-77.859466;Chemicals;0.146391
27.864068;-82.385139;Chemicals;0.144108
41.893938;-80.749268;Chemicals;0.144006
30.230982;-93.292406;Chemicals;0.143322
39.834118;-91.436791;Chemicals;0.143109
40.714167;-84.132222;Chemicals;0.14137
29.80825;-90.01;Chemicals;0.140815
27.906116;-81.916555;Chemicals;0.139328
30.1875;-90.98833;Chemicals;0.136638
41.5409;-109.131;Chemicals;0.133772
30.156194;-93.339443;Chemicals;0.132137
39.734316;-87.393043;Chemicals;0.126321
34.62946;-87.01574;Chemicals;0.125343
35.4834;-101.0492;Chemicals;0.122211
37.54354;-101.19905;Chemicals;0.121641
40.72211;-84.11329;Chemicals;0.11727
37.581667;-97.425278;Chemicals;0.113872
38.3844;-81.7764;Chemicals;0.112916
29.64174;-95.0654;Chemicals;0.112353
28.168056;-82.141667;Chemicals;0.111748
41.298611;-89.302225;Chemicals;0.109911
41.17562;-83.3806;Chemicals;0.109252
29.71727;-95.11327;Chemicals;0.108788
38.2431;-81.556;Chemicals;0.107445
42.739417;-111.541421;Chemicals;0.107417
42.9089;-112.5239;Chemicals;0.105785
40.718333;-84.116389;Chemicals;0.105319
39.1756;-84.5022;Chemicals;0.105152
36.1939;-83.00266;Chemicals;0.104419
29.725598;-95.110673;Chemicals;0.104269
35.16677;-89.95893;Chemicals;0.10367
42.213044;-85.556083;Chemicals;0.102604
29.964146;-93.930138;Chemicals;0.102247
39.216111;-76.57;Chemicals;0.101612
31.2253371;-88.0705319;Chemicals;0.101612
30.22847;-91.05435;Chemicals;0.101003
41.4417;-88.1728;Chemicals;0.099628
35.39511;-119.04652;Chemicals;0.029185
41.413831;-88.18346;Chemicals;0.098269
32.800556;-93.412778;Chemicals;0.015927
30.553364;-91.202428;Chemicals;0.097005
40.72211;-84.11329;Chemicals;0.095741
32.9701;-79.8905;Chemicals;0.094238
32.6907;-92.0826;Chemicals;0.092627
30.054167;-93.752208;Chemicals;0.090866
41.27017;-112.22377;Chemicals;0.088556
29.92444;-90.352217;Chemicals;0.088155
30.0589;-90.5241;Chemicals;0.087214
38.3688;-81.6786;Chemicals;0.087146
46.02191;-122.85698;Chemicals;0.085247
30.05509;-90.83084;Chemicals;0.08524
40.72211;-84.11329;Chemicals;0.084875
36.23124;-95.27639;Chemicals;0.084433
36.95;-89.066111;Chemicals;0.083548
28.9744;-95.34453;Chemicals;0.082958
40.976821;-81.775437;Chemicals;0.082734
18.433237;-66.570509;Chemicals;0.08183
32.607498;-95.19722;Chemicals;0.081038
29.359644;-94.931297;Chemicals;0.080107
33.1756;-93.2169;Chemicals;0.080084
30.3985;-94.2296;Chemicals;0.080052
41.34852;-91.0811;Chemicals;0.078948
32.58901;-93.51512;Chemicals;0.023207
29.62132;-95.06676;Chemicals;0.077271
40.390544;-86.936174;Chemicals;0.076543
30.355278;-88.494944;Chemicals;0.075688
29.61;-95.05;Chemicals;0.075338
34.06354;-117.52929;Chemicals;0.074749
40.564739;-89.724506;Chemicals;0.074711
30.02;-90.77;Chemicals;0.074033
61.083809;-146.250842;Chemicals;0.021694
37.056699;-88.365727;Chemicals;0.071404
37.047737;-88.35866;Chemicals;0.070381
31.279;-87.9955;Chemicals;0.070198
40.612743;-74.260921;Chemicals;0.069661
30.143939;-85.618924;Chemicals;0.06827
30.252222;-93.284444;Chemicals;0.068067
42.33397;-87.83855;Chemicals;0.066815
41.24235;-111.98827;Chemicals;0.065433
29.731639;-95.152083;Chemicals;0.065388
41.117667;-94.337194;Chemicals;0.064798
39.740281;-86.218331;Chemicals;0.063749
31.74413;-81.43673;Chemicals;0.063715
48.467675;-122.553982;Chemicals;0.063461
30.203024;-91.015172;Chemicals;0.062729
29.75487;-95.10327;Chemicals;0.062266
30.822158;-93.284901;Chemicals;0.060763
40.46957;-74.438488;Chemicals;0.060008
29.73;-95.154722;Chemicals;0.059014
43.846111;-82.649722;Chemicals;0.058662
35.27161;-89.97426;Chemicals;0.058357
30.79089;-88.05873;Chemicals;0.056859
29.624369;-95.062877;Chemicals;0.056819
40.8419;-75.0675;Chemicals;0.055548
38.002597;-86.117905;Chemicals;0.055026
30.244373;-91.099927;Chemicals;0.054833
38.023129;-121.855352;Chemicals;0.054313
29.971389;-94.053333;Chemicals;0.054082
30.758831;-88.059471;Chemicals;0.053288
30.580588;-87.137802;Chemicals;0.053147
30.210197;-90.988989;Chemicals;0.053144
30.316129;-95.387683;Chemicals;0.052707
29.760745;-95.176749;Chemicals;0.051918
43.6025;-84.2404;Chemicals;0.051852
30.060226;-94.058976;Chemicals;0.051652
30.250833;-91.092278;Chemicals;0.051232
35.483464;-101.046767;Chemicals;0.050784
32.61591;-93.92273;Chemicals;0.049366
38.97993;-95.21443;Chemicals;0.04921
33.184744;-92.706867;Chemicals;0.048966
29.627167;-95.080194;Chemicals;0.048801
35.273951;-84.536654;Chemicals;0.048259
29.694534;-95.158846;Chemicals;0.047974
30.408106;-82.787465;Chemicals;0.047795
39.886477;-108.332665;Chemicals;0.047338
29.608611;-95.051944;Chemicals;0.047054
41.16082;-87.85477;Chemicals;0.046762
38.529722;-121.398889;Chemicals;0.046574
33.6878;-117.8379;Chemicals;0.046237
41.019022;-79.716278;Chemicals;0.046072
42.61413;-71.16952;Chemicals;0.045761
29.612017;-95.050481;Chemicals;0.045563
38.33721;-82.58925;Chemicals;0.045243
29.742498;-95.165513;Chemicals;0.045105
29.6469;-95.0479;Chemicals;0.044858
34.641667;-87.038611;Chemicals;0.044689
30.4943;-91.21708;Chemicals;0.04459
41.810961;-87.657293;Chemicals;0.044132
38.38433;-78.65199;Chemicals;0.043551
34.62996;-87.03844;Chemicals;0.04345
41.73205;-88.366234;Chemicals;0.042631
35.99622;-87.979395;Chemicals;0.041867
33.4675;-80.881111;Chemicals;0.041304
46.136952;-122.982513;Chemicals;0.040706
42.521667;-70.939444;Chemicals;0.040632
33.177222;-92.719167;Chemicals;0.040449
30.043142;-90.627809;Chemicals;0.040273
43.648333;-96.224444;Chemicals;0.039562
35.659766;-77.358783;Chemicals;0.038858
29.380301;-94.894036;Chemicals;0.038544
30.125259;-90.912628;Chemicals;0.038502
37.805354;-79.994182;Chemicals;0.038313
35.27213;-89.97894;Chemicals;0.037893
40.321556;-74.706222;Chemicals;0.037602
33.364143;-92.716924;Chemicals;0.016581
34.840301;-78.838889;Chemicals;0.037406
39.687732;-75.487665;Chemicals;0.036834
30.34774;-81.7494;Chemicals;0.036672
29.418771;-95.239067;Chemicals;0.036329
48.465891;-122.565397;Chemicals;0.036176
39.355575;-81.299838;Chemicals;0.035669
41.82055;-87.74929;Chemicals;0.035651
33.843333;-118.232844;Chemicals;0.035553
41.09475;-75.32632;Chemicals;0.035291
30.50986;-91.18465;Chemicals;0.035207
29.9222;-95.0544;Chemicals;0.034749
32.65784;-97.32095;Chemicals;0.033915
29.42807;-94.995369;Chemicals;0.033868
30.235778;-91.096005;Chemicals;0.03362
39.121472;-94.473417;Chemicals;0.033248
39.481935;-81.07643;Chemicals;0.033226
30.50986;-91.18465;Chemicals;0.032495
39.71161;-75.60906;Chemicals;0.032481
39.837605;-75.37294;Chemicals;0.03243
41.305813;-88.591058;Chemicals;0.032345
29.63914;-95.04694;Chemicals;0.032124
33.65099;-85.85197;Chemicals;0.032093
32.40613;-103.94702;Chemicals;0.031798
39.681306;-75.720694;Chemicals;0.031786
38.65972;-90.19248;Chemicals;0.031702
37.65701;-122.37822;Chemicals;0.03108
43.939586;-86.434715;Chemicals;0.03105
41.512845;-87.618543;Chemicals;0.030996
40.45839;-104.87419;Chemicals;0.030967
40.335031;-80.603893;Chemicals;0.030932
41.441667;-88.159722;Chemicals;0.030926
41.720278;-81.273611;Chemicals;0.030841
29.829276;-93.966729;Chemicals;0.03067
39.82359;-84.16935;Chemicals;0.030589
41.085542;-87.880542;Chemicals;0.030423
33.113861;-92.672611;Chemicals;0.030415
43.08695;-79.01172;Chemicals;0.03005
35.30749;-84.78167;Chemicals;0.029795
40.50632;-81.4743;Chemicals;0.029512
40.232159;-96.7922355;Chemicals;0.028895
34.24001;-82.0654;Chemicals;0.028852
18.235793;-65.904429;Chemicals;0.028052
36.0432;-79.7895;Chemicals;0.028006
33.44136;-81.93123;Chemicals;0.027937
41.681417;-83.457722;Chemicals;0.02747
43.081505;-79.031676;Chemicals;0.027451
30.380131;-81.664313;Chemicals;0.027371
36.03544;-114.99994;Chemicals;0.027145
43.43094;-84.15731;Chemicals;0.026772
39.840401;-75.372368;Chemicals;0.026208
38.233611;-85.7755;Chemicals;0.026206
38.3844;-81.7764;Chemicals;0.026112
33.423653;-88.395103;Chemicals;0.025969
42.71464;-87.88606;Chemicals;0.025899
38.21229;-85.83975;Chemicals;0.025723
44.3381;-89.8871;Chemicals;0.025251
18.354615;-65.945253;Chemicals;0.024796
38.59167;-82.81944;Chemicals;0.024301
32.89778;-79.97299;Chemicals;0.024142
33.183889;-92.937778;Chemicals;0.023781
41.4801;-72.7592;Chemicals;0.02368
39.719477;-80.827317;Chemicals;0.02354
29.7625;-95.171389;Chemicals;0.02328
43.58891;-84.20784;Chemicals;0.023237
41.763491;-87.723679;Chemicals;0.022984
40.96131;-76.64329;Chemicals;0.022741
30.969439;-88.0175;Chemicals;0.022691
31.108055;-81.549463;Chemicals;0.021923
30.474444;-91.183056;Chemicals;0.021824
31.36786;-92.4099;Chemicals;0.0208
40.078922;-75.33297;Chemicals;0.020785
27.85118;-82.2599;Chemicals;0.020517
40.810223;-74.392803;Chemicals;0.019251
29.716191;-95.194361;Chemicals;0.019176
36.551156;-120.113717;Chemicals;0.017761
37.171208;-88.75731;Chemicals;0.017624
44.990278;-73.374061;Chemicals;0.01715
33.34383;-81.74118;Chemicals;0.015973
39.01333;-82.99805;Chemicals;0.014695
38.3799;-97.83905;Chemicals;0.013968
27.875556;-97.244722;Chemicals;0.013798
30.241508;-91.105631;Chemicals;0.012397
29.713065;-95.193333;Chemicals;0.010997
46.165957;-119.017218;Chemicals;0.010992
35.698244;-101.357744;Chemicals;0.010314
39.12016;-84.79639;Chemicals;0.008455
35.832054;-78.319739;Chemicals;0.007128
39.42889;-91.032982;Chemicals;0.006473
40.836229;-76.029997;Chemicals;0.003761
29.70231;-95.05492;Chemicals;0.003167
30.002417;-90.4235;Chemicals;0.003067
31.88;-110.24;Chemicals;0.001
37.327458;-109.017552;Chemicals;0.000839
33.11;-92.675;Chemicals;0.000748
27.954221;-82.348762;Chemicals;0.000515
29.700264;-95.036967;Chemicals;8E-06
38.109942;-90.257947;Cement;2.820538
34.6222;-117.1001;Cement;1.938054
39.560284;-77.171425;Cement;1.910685
38.1804;-90.3366;Cement;1.909961
45.072443;-83.404362;Cement;1.838081
29.675;-98.182778;Cement;1.497849
33.27738;-80.430135;Cement;1.20991
34.437557;-116.891034;Cement;1.208139
25.873889;-80.372222;Cement;1.197292
37.698786;-95.459748;Cement;1.112124
35.029298;-118.316236;Cement;1.099876
32.462679;-97.025572;Cement;1.093159
32.512975;-96.971099;Cement;1.076928
29.79992;-98.03647;Cement;1.076821
39.616615;-86.868632;Cement;1.055757
41.45906;-90.695252;Cement;1.053244
45.316951;-85.299349;Cement;1.049102
34.6045;-117.3382;Cement;1.022094
30.0536;-97.8572;Cement;0.950282
38.034696;-85.90601;Cement;0.948749
37.2676;-89.5385;Cement;0.923751
28.582265;-82.430829;Cement;0.903877
38.386936;-105.039244;Cement;0.884359
37.4604;-79.9948;Cement;0.865416
39.434879;-77.977911;Cement;0.834065
37.3181;-122.091;Cement;0.829712
39.67913;-91.31424;Cement;0.826223
29.610148;-98.367792;Cement;0.805066
32.41056;-111.151632;Cement;0.79891
39.144325;-94.416723;Cement;0.776668
37.797162;-95.431386;Cement;0.766662
41.329483;-89.081612;Cement;0.765331
29.690671;-82.582134;Cement;0.762362
33.6953;-94.423;Cement;0.747644
38.1507;-104.62595;Cement;0.732652
40.72966;-75.30078;Cement;0.71889
44.5428;-117.4218;Cement;0.714875
41.005565;-96.154917;Cement;0.709203
25.786463;-80.421113;Cement;0.705041
34.819863;-118.748732;Cement;0.694036
40.75037;-75.27114;Cement;0.677934
32.51993;-97.0068;Cement;0.673959
33.226205;-80.452832;Cement;0.669097
35.101197;-85.345342;Cement;0.659341
39.563527;-112.197061;Cement;0.654614
41.0633;-111.5317;Cement;0.645386
32.5127;-87.815631;Cement;0.640107
41.26109;-105.60319;Cement;0.635427
33.733584;-86.155217;Cement;0.635051
33.1043;-86.7985;Cement;0.632557
38.739074;-86.45703;Cement;0.625996
43.1788;-93.2136;Cement;0.615485
35.12279;-118.369304;Cement;0.597098
33.5401;-86.5435;Cement;0.596228
40.472471;-75.895245;Cement;0.580469
44.0896;-103.271663;Cement;0.57564
30.5349;-88.1121;Cement;0.569886
29.9616;-82.8497;Cement;0.566246
42.49756;-73.813652;Cement;0.559508
38.415722;-85.749361;Cement;0.53104
36.1941;-95.8117;Cement;0.514067
39.7779;-83.9661;Cement;0.510128
40.715359;-75.400859;Cement;0.502943
34.77626;-112.08018;Cement;0.500324
36.022505;-83.834408;Cement;0.490339
28.760864;-82.025353;Cement;0.464414
29.545278;-98.421111;Cement;0.452084
34.9811;-112.376291;Cement;0.445898
41.1809;-84.6048;Cement;0.426408
32.4152;-83.6333;Cement;0.425264
39.6524;-77.6805;Cement;0.383002
44.08401;-69.157238;Cement;0.379647
37.216805;-88.879849;Cement;0.369619
36.271838;-95.222539;Cement;0.365591
39.62;-119.2628;Cement;0.363392
33.242778;-80.442222;Cement;0.362477
47.56799;-122.34255;Cement;0.355217
40.734521;-86.433441;Cement;0.346834
40.202236;-105.236697;Cement;0.343201
18.02305;-66.63888;Cement;0.330003
31.745833;-102.546661;Cement;0.307286
35.071319;-106.392283;Cement;0.305435
40.687646;-75.506305;Cement;0.295147
46.54448;-111.92062;Cement;0.280765
45.944769;-111.477076;Cement;0.27098
43.3064;-73.6208;Cement;0.270667
40.7369;-122.3223;Cement;0.262772
34.76754;-96.69652;Cement;0.25978
40.7948;-79.70017;Cement;0.180964
41.861;-89.4548;Cement;0.172447
32.25;-100.458333;Cement;0.15189
31.481987;-97.240773;Cement;0.138387
18.3944;-66.2976;Cement;0.116083
39.94778;-76.76918;Cement;0.077722