day,Afghanistan,Aland,Albania,Algeria,Andorra,Angola,Anguilla,Antigua and Barbuda,Argentina,Armenia,Aruba,Australia,Austria,Azerbaijan,Bahamas,Bahrain,Bangladesh,Barbados,Belarus,Belgium,Belize,Benin,Bhutan,Bolivia,Bosnia and Herzegovina,Botswana,Brazil,British Indian Ocean Territory,British Virgin Islands,Brunei Darussalam,Bulgaria,Burkina Faso,Burundi,Cabo Verde,Cambodia,Cameroon,Canada,Cayman Islands,Central African Republic,Chad,Chile,China (People's Republic of),Chinese Taipei,Colombia,Comoros,Congo,Costa Rica,CÃ´te d'Ivoire,Croatia,Cuba,Curacao,Cyprus,Czech Republic,Democratic People's Republic of Korea,Democratic Republic of the Congo,Denmark,Djibouti,Dominica,Dominican Republic,Ecuador,Egypt,El Salvador,Equatorial Guinea,Eritrea,Estonia,Eswatini,Ethiopia,Fiji,Finland,Former Yugoslav Republic of Macedonia,France,French Polynesia,French Southern and Antarctic Lands,Gabon,Gambia,Georgia,Germany,Ghana,Greece,Greenland,Grenada,Guam,Guatemala,Guinea,Guinea-Bissau,Guyana,Haiti,Heard Island and McDonald Islands,Honduras,Hong Kong (China),Hungary,Iceland,India,Indonesia,Iran,Iraq,Ireland,Isle of Man,Israel,Italy,Jamaica,Japan,Jersey,Jordan,Kazakhstan,Kenya,Kiribati,Korea,Kosovo,Kuwait,Kyrgyzstan,Lao People's Democratic Republic,Latvia,Lebanon,Lesotho,Liberia,Libya,Liechtenstein,Lithuania,Luxembourg,Madagascar,Malawi,Malaysia,Mali,Malta,Marshall Islands,Mauritania,Mauritius,Mexico,Micronesia,Moldova,Mongolia,Montenegro,Morocco,Mozambique,Myanmar,Namibia,Nepal,Netherlands,New Caledonia,New Zealand,Nicaragua,Niger,Nigeria,Niue,Northern Mariana Islands,Norway,Oman,Pakistan,Palau,Panama,Papua New Guinea,Paraguay,Peru,Philippines,Poland,Portugal,Puerto Rico,Qatar,Romania,Russia,Rwanda,Saint Helena,Saint Kitts and Nevis,Saint Lucia,Saint Vincent and the Grenadines,Samoa,Sao Tome and Principe,Saudi Arabia,Senegal,Serbia,Seychelles,Sierra Leone,Singapore,Slovak Republic,Slovenia,Solomon Islands,Somalia,South Africa,South Georgia and the South Sandwich Isla,South Sudan,Spain,Sri Lanka,Sudan,Suriname,Sweden,Switzerland,Syrian Arab Republic,Tajikistan,Tanzania,Thailand,Timor-Leste,Togo,Tonga,Trinidad and Tobago,Tunisia,Turkey,Turkmenistan,Uganda,Ukraine,United Arab Emirates,United Kingdom,United States,United States Virgin Islands,Uruguay,Uzbekistan,Vanuatu,Venezuela,Viet Nam,Western Sahara,Yemen,Zambia,Zimbabwe
1,997078.6,643757.4,957743.3,1000844.8,752523.8,987320.25,1018183.5,1049296.4,548437.1,608957.5,927644.75,903620.9,796352.5,364312.4,1006241.8,809941.7,628669.06,1063608.1,709252.25,765631.6,1061380,922492.25,594185.8,742825,908915.5,939302.7,784635.06,983286.5,977473.06,936181.44,913531.75,1007310,713793.44,1083651.4,749302.44,950318.8,570996.44,1030135.75,956078.7,1123400.1,627686.4,827255.1,429298.9,650321.06,915648.6,939340.25,949189.06,886602.94,873321.2,941063.6,1007292.5,787183.94,760414.1,841464.6,925511.8,657315.9,1042556.25,1078366.5,921882.8,683282,1057226.4,1033971.44,829091.9,1011577.6,660561.7,815721.9,980137.5,823619.5,558223.9,963502.06,750845.25,932477.8,178825.42,905596.9,1064135.8,460694.25,777243.7,944045.06,937999.9,463721.44,1048634.8,985661.06,983997.94,865757.6,1037224.2,928325.5,983968.9,261353.03,1026659.1,467354.16,804318.94,530251.9,1001768.2,675156.75,630105,700976.44,440980.47,206011.45,691963.2,840384.25,975152.75,823197,805024.2,795326.3,679806.1,997941,886375.75,928496,942753.7,716403.1,864772.25,898214.5,684257.9,682232.3,778072.1,794954.7,1019505.7,881594.25,719102.6,752426.8,870797.7,881686.44,795234.8,1058529.8,391948.16,872295.5,1105094.4,963985.6,1017237.1,709486.2,791036.6,859056.75,950014.44,890049.7,898344.4,970924.25,902801.06,920994.6,775324.25,880939.56,508877.8,944125.5,1097515.6,1028266.06,808635.3,1012777.94,449901.56,1109112.6,1070527.6,974186.56,851066.25,688195.6,507674.4,738431.44,930448.7,752158.8,707682.7,987859.44,873700.1,808730,553789.7,837419.1,895965.06,1048818.1,1044440,1042733.75,921051.8,998208.7,1032393.25,1063012.2,900269.44,974379.06,670673.2,557407.25,734137.25,843057.94,693242.2,2127481.5,830638.25,370159.66,947589.56,623338.06,1050929.8,1142138.6,848570.2,535406.9,848704.9,656091.7,992295.06,815521.1,936990.4,885579.8,888045.44,863348.3,977877,604963.75,711524.1,720997.06,935880.7,770755.3,1063690.5,494634.72,799729.1,1014921.56,686322,857804.1,925398.9,886394.3,646981.25,1114084.1,1107354,974719.25,1027654.8
2,923119.3,630180.25,844854.5,1045963.56,509889.3,982074.6,949437.44,957221.5,686019.75,669602.56,999238.56,891832.1,775050.1,808965.94,1001436.44,643929,647302,984603.06,741787.4,457348.12,904158.56,1007484.75,801461.44,692121.56,853658.2,898779.44,777800.06,973328.56,990945.8,1021431.8,859272.56,988789.9,761876.7,1029233.2,825596.94,769227.2,613568.4,1057011.6,834417.4,1118604.1,697282.2,778192.25,609318.94,683105.6,892011.8,719332.5,938295.6,863693.25,827259.8,925566.44,991086.2,772806.1,769369.7,868064.4,859228.75,709706.4,1045213.7,1000804.06,833232.75,700403.06,1071851.8,1024501.94,646555.1,1057096.5,653274.44,185717.67,1003861.9,869370.9,550807.3,846173.25,647772.8,884237.9,312279.97,703291.3,990853.5,548008.94,698053.75,941394.56,907958.1,382326.2,934722,819296.44,947241.56,702173.25,980787.9,878932.3,956932.7,454576.66,870952.25,710892.9,828256.06,522502.6,1015882.4,709554.4,855042.44,882009.06,630870.2,664870.1,792779.3,680502.5,927620.56,832060.06,626797.44,898248.2,600564.9,1026852.6,858909.44,979983.9,896183.8,1047049.06,977829.1,806162.7,715081.25,664495.6,645668.06,692653.4,1027515.8,745839.56,743628.5,520333.25,857673.5,837755.25,835976.8,1055633.6,288243.78,689379.9,991680.8,868208.94,1010791.94,554041.7,882942.5,878424.2,848720.6,925404.1,829690.9,943045,900826.44,1027402.2,521214.6,809062.75,575613.7,800261.9,1119890.5,1052584,969162.06,1033161.25,382041.25,1095539,1060970.8,847188.56,790375.75,649828.9,486244.38,683529.7,869105.75,786002.5,851931.5,896908.9,788165.3,783063.75,552764.1,843173.2,822997.94,953899.44,980223.6,949095.5,713442,1008332.3,1037956.6,1003005.1,871471.8,994951.7,457742.2,721664.06,809097.1,776666.56,477922.88,2195473.3,718082,450888.2,994143.75,799421.7,1037909.25,1147840.1,813790.3,575615,765486.56,777555.6,977040.9,811596.8,872919.6,789389.25,939928.4,929191.9,875656.6,838457.7,704375.9,723296.1,917886.94,743037.7,989950.3,514874.1,763308.25,908632.3,770863.5,613585.3,894894.25,944940.4,732949.4,1113507.8,1085869.5,950386.75,890960.1
3,968212.5,657057.9,607363.4,940053.3,424631.44,933941.56,976132.7,929720.44,725747.7,738878.1,1013264.56,875752.75,732076.2,667772.8,961907.5,973627,710788.94,1025868.1,751795.3,561268.3,884207,971518.5,846116,663157.75,652013.6,916623.3,709972.4,1010468.56,968439.56,965560.25,869498.75,980656.06,811954.56,951464.44,879922.1,1010950.8,587166.6,1092400.9,1044884.7,1131237.1,620137.06,819727.7,784872.9,812638.44,941148.9,930901.1,1015933,735933.75,679902.3,1001266.1,975219,852751.7,730822.1,988042.8,947918.2,423851,969586.1,944762.94,911017.7,502240.84,1085898.6,884534.8,937255.3,1066811,704079.9,298092.84,1038408.44,904422.25,590323.8,691333.8,514831.28,919927,197855.92,873782.9,897090.75,704842.7,497285,895529.2,824466.1,383209.4,962276.3,1090992,907795.4,785077.94,871848.94,840466.25,942453.5,118669.58,876603.3,854842.75,733322.7,488951.56,1018596.25,695681.75,943370,902288.6,625309.4,324106.97,977510.3,585697,984085.06,873942.4,752285,1023568.56,549743.44,1017428.7,925579.2,1023368.8,710058.6,995500.44,935043.6,897330,729618.4,788399.3,696464.6,459134.06,1065064.1,701162.56,752684.06,297132.25,822254,832026.25,758237.75,1044424.75,760999.7,843212.2,964940.2,910854.3,1045291.9,585076.06,886328.2,872405.44,671878.8,956649.75,779337.25,919545.9,920189.7,966323.06,487763.84,684733.25,580813.94,859167.3,1123019.4,1046774.06,889109.3,1096203.1,434724.2,1086524.8,1025050.7,860474.6,956921.9,615660,405412.22,679755.9,861727.5,734050.7,867414.3,1009190.8,911589.9,852446.75,549160.6,954477.1,868536.7,948835.5,1057964,1014933.25,687798.44,880772.06,1061631.6,925830.56,782708.2,997104.7,618054,420480.3,731905.56,718255.75,792678.25,2170980.2,727659.5,172469.05,1017995.6,816589.75,1076504.6,1152022.6,797913.5,544130.8,445365.22,820456.3,960943.5,839575.25,903154.3,640701.4,923234,855968.3,825012.25,821864.44,729281.9,849093.56,1012831.5,730340.06,839568.8,472761.53,767902.3,1051828.2,699939.94,732110.56,805881,932241.75,789886,1040954.06,1077480.9,908973.7,868168.56
4,987914.8,596258.06,762537.3,854361.4,1022420.1,937971.1,1066403.2,992890.3,650905.5,774971.4,1022445.7,857306.4,653950.2,650865.2,923275.56,999825.25,704011.25,1018494.2,702003.44,588166.2,907120.7,1006783.44,591402.9,757876.7,769967.4,929558.4,688610.06,1009598.7,1067586.4,997358.3,869782.7,960272.2,653993.2,1064766.5,709681.4,859905.9,595967.56,1085887,955189.8,1126970.8,629067.1,813437.44,743891.8,854889.2,788222.56,909310.9,882939.4,907313.25,748394.8,956664.6,1002849.7,819347.4,772922.6,921412.4,935878.9,609911,953663.2,995574.3,936847.94,784570.9,1063596.5,930225.8,733151.94,1100599.8,715296.7,741368.56,986217.94,895004.8,404892.3,801922.7,730493.4,823816.5,460030.44,806113.75,998504.56,477982.5,442568.94,938285.1,847102.1,487160.1,1016651.5,879403,893894.8,906799.7,990593.6,784993.8,964566.9,503233.1,859302,730194.25,752883.06,523803.2,1000148.44,797893.25,968596.94,939146.25,636097.2,565958.94,922082.5,475230.28,800169,921670.94,531520.56,918635,564074.9,908428,889073.7,1003509.56,803225,1026710.8,859599.06,830038.56,740509.6,963229.1,660916.06,865610.6,974059.5,198528.55,765572.8,426718.06,828602.6,857192.94,902885.3,1025290.75,450076.75,896856.94,939789.75,862915.8,1090506.9,842224.75,885549.9,842732.3,701791.25,766886.56,832047.2,999773.2,939256.9,885604.8,406638.62,705986.25,511403.2,841845.25,1123325.1,1034735.06,818596.2,890236.44,534508.06,1112302.1,1048908.6,578915.3,880044.06,565135.44,639125.2,844174.2,952082.06,752830.56,674524.6,1005103.1,999608.44,851167.25,567769.7,813045.7,953308.5,1033782.5,997060.25,1012230.56,939943.3,892459.7,1044673.7,983001.56,823012.8,1035421.2,927572.2,871957.8,762983.56,613765.94,854636.7,2136197.4,747545.1,343082.53,1015264.94,895296.25,1067184.4,1157864.1,810558.7,524913.7,216276.9,885870.25,961469.5,765684.8,931352.6,553472.9,953700.9,844441.5,985299.8,767988.25,783170.2,843646.7,912238.2,747227.6,994150.1,468408.75,705551.2,1061209,598283.44,841778.06,797071.44,895252.9,709148.6,1026464.75,1045616.6,939277.06,977026.4
5,985788.25,337929.97,286466.9,931980.75,706313.3,852728.56,957685.75,929768.4,702797.25,827154.9,1065524.9,848640.1,417257.78,853078.75,893843.1,817690.75,593053.44,934615.7,716774.1,647801.06,897161.9,978248.56,691462.8,628080.3,443399.75,873631,678236.1,885074.2,1020413.75,879800.2,853295.75,926510.7,775248,1058009.2,817159.9,762645.8,613224.44,826521.44,1069111.6,1140028.6,675900.56,924601.4,840143.8,872706,790058.06,760951.1,736274.94,767614.6,450327.72,858555.6,1076060.1,853342.7,651568.3,953636.25,899593.56,659770.2,704071.94,951552.1,970506.06,778193.1,1051451.9,829410.3,391852,1094699.2,714826.7,269501.2,1024303.7,819049.6,481132.47,417439,681390.94,865460.44,366559.56,400511.56,1018358,860429.6,374982.94,816024.9,511715.97,502925.2,1005199.7,800365.44,910450.2,938316.56,972324.56,778330.4,991531.56,334192.28,909332.3,822028.3,525116.94,539734.4,986938.25,721322.44,903241.25,740519.4,580922,296827.8,842572.1,668750.5,791063.56,783886.1,279144.78,913922.2,551971,941518,882988,906550,418616.66,850316.6,658551.94,873451.8,748472.56,798632.25,195517.19,749318.44,802686.44,809546.3,754142.1,525771.1,781233.4,893233.1,858525.9,1026894,622940.06,1007855.94,1062520.6,809559.8,1031437.8,746875.6,799795.9,730604.25,258497.12,850818.9,849018.5,956595.3,977390.5,825680.56,598067.9,795011,489647.4,906748.6,1118107.8,989264.3,844692.2,625955.5,531798.8,1027018.4,1043096.5,851300.44,822299.06,627763.56,298870.06,890401.75,916482.75,732902.75,721318.1,999498,888186.4,812831.9,573416.5,934382.5,859662,938929.7,938620.3,911572.25,917906.25,549496.7,1000217.2,1046573.25,547397.8,1000773.3,901670.25,795456.06,715660.9,180815,689027.8,2163228,577686.3,276381.66,1059400.5,595420.2,1060695.2,1160263.1,779486,514919.2,856318.2,714776.1,752350.44,894624.44,963681.56,874959.2,919885.94,852766.2,1061795.1,693068.56,856566.6,853449.25,1008076,790145.1,945055.9,466625.25,654413,1020159.56,709012.7,745233.9,770468.75,950064.44,703836,1101555.8,944800.75,913997.44,1017983.9
6,1070268.2,701042.3,730210.1,1040634.8,628519.25,849882.06,1000568.25,1036812.3,771448.94,403576.56,1038600.06,854664.06,590829.94,435136.72,891965,980550.9,802960.1,973074.3,734150.94,572060.2,851014.3,917089.2,816405.06,732452.7,764677.9,840278.6,641062.7,845253.06,1054121.9,912271.2,768031.75,1060361,842609.2,983465.25,914500.2,834361.94,604534.4,1026751.7,1004725,1133964.2,714096.3,931420,956149.25,887431.2,856585.2,809102.1,859555.3,919967.1,649584.1,921622.06,989286,429706.47,585769.3,782991.9,866657.25,643483,1033318.7,1098623.2,849682.4,666925.8,904032.4,878035.94,808132.25,1049572.6,736769.9,367447.3,1003906.3,602105.6,631499.25,699478.4,532002.2,928213.44,290535.53,794785.44,1058467.1,462789.9,660580.44,857848.8,351737.7,493354.84,926974.5,1024221.2,864650,953102.9,1029903.44,824715.5,921578.8,311346.5,932529.7,971783.06,439546.8,507634.84,994670.6,844990.5,813594.06,846714.7,586980.7,769307.06,677989.5,663544.25,978082.94,946590.06,652250.7,845455.3,602759.56,1022218.8,879432.4,868634.3,850942.2,935124.56,648810.9,887525.06,745597.25,817447.7,543718.6,733059.75,970331,801812.5,729988.25,651635.75,788193.75,786890.75,932350.2,1073273.6,909069.2,1017529.75,1116429.4,709084.25,1034667.75,754183.06,867794.8,771599.75,668615.94,939247.56,742764.94,1013634.06,971571.3,765359.2,365761,920841.56,554417.7,892582.2,1119824.8,931529.5,807272.94,971385.5,510055.25,1044714.4,1043023.56,880629.3,826913.25,589301.06,670377.9,641934.94,867202.75,719610.7,673319.1,949194.75,1033306.5,742090.06,593772.5,904103.3,805256.75,1037470.25,970789.5,918159.94,824496,975432.9,1021537.3,1064602,729051.6,1022248.7,772800,1013338.44,408520.28,319957.38,714133.94,2210471.5,624970.8,261476.45,984988.3,709727.3,1003623.2,1154398.4,782204.44,486975.6,747217.6,871218.4,993452.94,909910.25,959767.9,947913.7,872212.25,859808,866646.5,906759.56,705434.7,858010.2,1018655.94,812679.2,1088382.8,453663.47,674752.5,1094325.9,676734.6,893988.06,724162.7,1011300,849149.4,1113038.6,1004400.6,780806.1,875310.44
7,1007197.44,389069.6,664971.06,1087916.4,835590.06,651930,1021129.75,1019875.9,758769.9,833195.3,1022760.2,850693.1,679953.94,718382.3,980039.6,816248.56,772997.8,917822.3,558513.1,672553.7,926176.9,758445.5,703351.2,937310,634722.6,810711.06,576408.44,1017097.3,991359.4,880313.4,470436.2,1027619.8,885045.7,1057619,904314.3,856281.44,605868.06,1049102.5,878365.3,1124125.5,690549.3,913852.7,967296.75,802339.9,927798.75,558202.94,851147.56,744442.75,566896.75,930984.8,1049548.5,762474.4,480122.16,976411.5,657475.06,731447.8,1108585,989369.3,914342.4,671012.75,992289.25,908942,853173.44,1069792.4,670297.56,555866.44,1061658.6,557779.5,523437.44,567827.9,576991,900795.94,378502.28,726914.94,1077726.1,927216.8,701229.9,703621.9,596408.8,492866.72,1058885.5,1031251.94,892317.9,921458.7,1055329.9,771771.2,929726.8,421217,887278.75,916326.3,705753.25,618875,976595.1,792020.56,858033.4,755253.1,569294.6,491338.1,1019053.94,604515.2,946259.2,835208.06,510463.72,1000098.9,789790.56,1024988.2,972930.9,704834.2,735173.5,839026.7,1026287.7,935678.06,599261.7,848857.5,716730.4,674139.3,979450.1,619988.25,692914.75,634061.75,822475.1,675902.3,927952,1083144.2,790014.75,964120,1129719.9,933259.8,1111797,915093,755635,811615.44,721984.8,1024659,679272.5,940546.4,929301.2,741860.5,780446.8,808783.4,541790.2,848366.94,1111285.2,890785.4,859035.5,1089998.9,533150.06,1044123.1,1032615.94,580860.4,880058.5,437538.12,765428.6,612695,867828.8,685120,294312.2,929770.44,792106.1,698142.9,609250.5,911355.44,848664.44,972587.06,940569.5,958572,925083.94,1029982.75,981235.56,1070683,807156.6,858628,782185.6,1050798.6,515959.47,629069,767912.9,2228129.8,725283.44,358865.06,963127.8,651680.56,972281.44,1147215.9,535466.9,467458.44,528134.6,821330.56,977971.44,817963.94,949735,1020859.44,656268.7,739439.7,1106555.4,972630.7,697878.44,668357.6,987927.1,753137.75,1084711,429080.16,689829.94,906467.56,759385.1,631672.8,829329.5,977309.6,887386.44,1151066.2,1107820.1,797721.56,788336.5
8,935346.3,243403.33,395650.8,1103482,758008.4,752980.4,1092638.9,1084599.2,745012,788304.8,992798.56,824577.8,499052.4,666166.5,984964.94,1012936.2,712285.3,930650.8,635701.25,451852.94,871130.44,858222.9,919613.8,990532.7,394093.94,790744.6,628008.3,981428.94,1076244.6,909485.3,449085.62,1042782,757372.3,1072091.2,938558.25,783515.06,615638.75,1037680.94,895967.5,1113670.4,635920.6,880374.9,993446.94,741065.3,933189.94,840754.2,949655.5,644027.9,546702.56,965497.8,1019214.8,966084.56,609574.7,960141,760225.3,695155,1101150.5,985514.25,892349.4,690355.7,920491.56,899945.56,951230.06,1073837.8,392933.34,482292.47,1060868.6,687217.56,396520.8,344199.72,618299.1,882497.56,263947.75,899392.9,886735.56,810387.44,611022.4,728661.2,482472.06,506792.53,904131.2,1050205.1,815673.8,956308.8,1019026.2,681022.8,924044.4,97765.61,933696.94,875336.06,762988.75,592417.94,980909.75,819296.25,777104.75,956020.75,475230.9,766042.75,994900,741066.4,937742.7,860579.94,611950.7,963601.44,829574.25,1045006,767042.1,999640.3,285744.97,1035698.44,985109.56,981101.7,498965.94,1020015.75,589728.1,515132.62,1086898.6,515645.12,604049,408345.94,845940.44,738889.3,890435.44,1124225.9,837643.56,884360.2,1115702.8,808446.4,1082877,1045773.8,289057.62,735663.3,270595.66,1041295.06,719922.44,966537.7,944865.44,949111.5,779511.75,851613.56,569144.7,921404.5,1140281.9,881199.3,912007.25,1058236,617382.6,1102182.1,1068056.8,461563.56,942253.6,449439.56,811668.44,799656.4,769611,711605.6,754334.2,1003336.7,990838,494072.2,615525.25,789570.94,870615.94,1098433.1,925797.1,899576.2,909144.94,797503.44,986560.3,1013559.44,566760.5,777615.06,761143.3,957781.44,742985.94,548723.56,729321.7,2193185.4,691257,371872.56,932761.7,648628.56,950867.9,1138150.2,519285.47,557013.25,696896.2,901421.5,1005429.8,655886.06,985243.06,966744.2,826357.56,649216.4,1012479.5,1042451.2,820223.94,558900.75,963680,719164.2,894834.3,610105.25,726696.25,1102815.8,801611.7,800960.2,759388.94,863708.94,898255.6,1140534.8,1108692.8,618439.1,791478.5
9,694764.75,251828.3,363923.7,1114681.1,709261.8,865637.6,997449.25,987795.4,724138.44,881546.75,1021323.94,797202.06,612087,661665.8,913314.56,877904.56,564214.8,929634.5,581430.3,381689.84,792010.44,1002311.5,556491.06,963560.1,447539.34,865971.3,666044,997288,999296,908288.2,389639.22,1108593.5,713477.94,1067537.5,933833.25,953886.9,651339.1,866687.44,920570.5,1106678.9,604826.6,850788.9,1033866.9,800202.7,898274.75,933581.44,889653.9,1005948.3,564400.94,836380.1,1013012.8,745960.7,683626.25,590128.8,853703.5,804474.56,1063685.1,1021920.4,938797.44,894990.94,1059156.4,851114.9,950653.1,1054275.1,369491.72,714011.9,978701.8,767258.5,380489.62,198109.34,672496.25,883351.6,300488.78,866386.7,1098256.8,794971.75,619064.4,996515.94,564435.2,525935.5,1017759.4,1098553.4,726833.1,1044896.25,1085411.2,640017,944351.75,345004.8,856549.56,914200.9,762639.1,624205.5,991282.06,740340.5,931843.7,951586.75,542029.6,795623.6,1066821.4,705312.56,948141.7,868955.75,692794.06,1105935,808604.25,965979.7,732178.8,489197.44,167591.27,706961.3,817236.25,987593.9,384717.3,1045852,700296,725942.8,1104090.1,293537.4,508395.56,410870.06,850497.94,819899.8,877369.56,1138021.4,996970.6,664498.44,1150308.8,610752.7,1084593,974279.06,778250.4,836180.94,243325.81,1003863.25,792148.75,958846.4,944665.25,906080.4,738912.44,744788.4,545115.8,917104.56,1149070.2,936140.25,828157.56,1001403.56,609848.25,1105541,984312.44,1031237.8,869000.7,607746.56,864103.8,936974.1,848579.56,647314.75,712687,961396.4,929035.3,661026.5,627647.75,653278.8,784054.94,1011040.3,1007083.94,990002.7,924997.9,1024311.5,1007463,1102301.5,418112.94,907107.75,802214.75,801570.4,665549.6,474074.72,588343.5,2065725.94,771166.94,425125.12,866359.44,736286.44,923985.3,1112649.4,485956.53,527096.75,683998.6,946584.6,720141.4,772544.06,1007474.8,954910.6,964791.9,789636.75,966634.44,1004024.7,739956.3,661679.44,609734.06,654550,1069016.8,564976.7,784256.06,1002679.1,800047.2,544205.6,634070.6,844127.44,964651.9,1163424.6,1114800,727054.06,807181.25
10,907980,283106.34,497533.62,1117119.4,909840.8,723935,1077108.1,1043024.4,661161.5,906351.56,1081479.8,822293.6,440285.66,852405.94,633307.75,914567.3,616203.56,944802.94,716328.9,722846.25,989692.94,969222.75,941782.1,869025.75,488264.78,833855.5,643597.8,1005268.06,1057384.9,822312.1,502568.06,1109326.8,616245.25,1070998.9,968545.75,858586.5,686089.94,819031.2,799226.75,1125166.5,694000.75,853945.06,1027963.6,797776.94,963585.44,828421.1,801373.25,883622,530495.56,750293.7,1068496,853084.4,619220.5,506331.03,653018.9,603959.9,1028188.56,975055.7,931335.6,887514.6,1120848.5,943783.8,850943.4,1082433.6,398324.53,604219.6,979597.75,837879.4,457006.47,677730.9,641877.8,868449.4,283672.84,856271.6,1099730.6,796912.75,621830.44,887170.3,715192.6,560609,1073964.6,1050454,946133.44,1029964.9,1097912.6,632046.7,993038.3,76723.914,767503.3,851106.44,645594.6,594076.44,1005762.75,751182.9,925054.75,956260.2,537493.3,742343.56,1018989,750560.1,993334.06,449124.28,454085.97,1083397.9,767272.5,927273.6,692185.56,341809,670492.25,977859.3,616529.4,993185,489354.22,949637.8,713094.44,748825.2,1128184.9,441222.53,408859.8,484485.62,889271.44,796376.56,854756.2,1147830.6,995806.6,797369.7,1157372.4,731057,1167014.4,928356.4,688182.94,916629.25,491809.03,1066056.4,733816,987366.25,886289,1004644,866809.2,794716.6,343779.38,877630.25,1161799.2,961393.1,894854.44,909010.7,599518.06,1045832.44,1024398.44,1047796.3,780419.1,630670.7,823414.8,886502.4,870222.06,536511.4,729264,887486.56,965175.8,671917.4,639682.4,712982.56,780296.06,1025288,987494.6,998272.8,865320.25,980996.8,1037379,1104457.9,742355.3,980414.06,859280.75,772307.75,565027.2,387888.44,524970.3,2022790.75,735874.44,419595.62,844460.3,777463.2,886241.3,1090167.1,392579.12,472764.66,572933.6,946023.6,889941.9,638564.2,1024535.94,864993.6,928686.25,870612.7,1061310.1,1001329.9,690164.44,843691.75,788460.75,711850.6,579660.4,642183.2,781055.25,979145.6,738569.44,847327.3,580945.8,886972.7,974204.5,1143538.2,1110265.9,807626.75,815850.1
11,780923.06,606896.9,792009.56,1124043.6,734982.3,660837.6,1013634,1041093.6,669575.5,954388.3,1068479.6,821908.56,277526.25,872265.2,916302.7,718283.25,824812.25,1002341.9,545354.25,814133.9,1106083.6,719915.06,989094.75,682737.6,479645.9,564959.56,663840.6,891415.5,992435.8,871288.4,437778.66,1087967.4,768413.25,1056126.5,986032.3,658816.1,719575.9,946422.75,980343.4,1131952,688448.06,880265.2,852415,772795.1,951968.5,445083.38,828605.2,830135.56,310559.22,910268.3,1065694.9,811271.4,508768.53,850966.9,794156.1,645460.6,903082,977756.6,945751.6,818937.1,1143642.2,936364.7,584731.25,1020984.56,420369.34,591662.1,939988.25,769582,608630.3,854080.56,767050.1,891577.56,450612.38,447238.16,1101618.2,779917.44,622601.3,738545,877703.8,550616.44,1122529.4,1047961.7,1070125.4,1025328.5,1095052.5,743279.9,975178.44,388129.3,921142.5,784062.3,525145.3,542326,1020068.94,671450.5,1004695.7,948042.44,469218.3,604613.7,1056245.4,577793.75,789199.4,788177.44,805929.6,1121067.5,856742.44,903951.8,740534.4,676122,716334.94,986863.06,721981.7,1011805.94,416506,911779.6,647547.56,689250.4,1101683.5,176175,440830.97,913947.8,851370.94,558952.94,789775.94,1143734.1,1005444.44,1048377.75,1166087.2,794349.9,1188638.9,787153.56,448710.72,875112.25,555895.7,1083760,658574,1055798.1,857005.75,982353.06,608522.9,589567.25,294430.12,799491.9,1158365,820308.56,873048,977419.9,601691.9,1037179.1,878482,1033925.06,769981.8,526015,742541.44,842278.06,913276.56,421277.88,966360.1,954569.06,736445.8,429590.38,633843.3,886978.9,811551.7,1023704.06,964304.75,1051135.1,946783.75,507460.4,1029036.56,1113445.8,545480.1,1039992.7,891259.5,561478.06,546078.4,160044.97,686976.2,2104156.54,700048.5,305655.3,932158.7,909380.56,901531.6,1111127.5,728197.8,657188.7,387015.75,958115.2,779124.7,757928.2,1029942.44,835723.3,606785.2,868573,1036739.9,1036023.44,783888.2,939749.5,890651.94,529206.25,747967.94,614125.4,763085.6,904735.9,517419.06,821639.56,587145.7,916678.44,924494.75,1166978.5,1066045.5,519963.47,541811.5
12,892541.06,710272.56,698931.4,1113269.8,1075062.2,776672.94,1047537.75,995031.25,664365.75,1021132.4,1090168.4,778743.8,572865.8,910689.56,991757.25,841660.94,838797.6,905919.6,673831.44,549427.1,987469.1,934584.3,984770.94,739004.8,322179,736153.3,709257.2,955590.06,1059986.1,759439.3,599081.94,930531.3,668662.94,1013383.1,914063.75,806561.94,662736.8,1066293.9,789048.2,1099387.1,591901.7,871576.6,639486.8,679503.5,906179.2,892510.4,849772.7,680498.4,278824.28,945006.2,996598.5,1019835.94,451208.53,947596.9,840347.2,737032.9,1056278.8,1036255.6,870562.7,652683.9,1158392.4,1050718.4,824367.3,1043158.7,526172.75,415443.4,915398.3,688667.1,535035.7,690002.75,872009.56,770653.44,191630.8,812128.25,1094977.6,798783.3,576366.5,895028.2,641483.44,514170.3,1066819,1117451.9,1097013.1,958112.8,1106288,705033.75,942938.5,138898.52,977611.06,396450.53,383841.84,410914.7,1014445.25,658306.94,957543.25,1040069.8,547609.9,729559.8,1081902.4,663335.44,997186.3,850035.3,833147.44,1114878.1,852810.2,899200.8,789628.5,960657.06,718186.75,1027238.4,952566.6,951006.06,472574,1053522.8,637241.94,543359.75,1124065.5,479402.3,577138.2,641375.7,787508.1,671914.4,739096.06,1106097.6,1006579.75,1031889.5,1176405.5,812417.75,1105819.9,941546.06,361744.84,902908.75,622331.6,1068276,591622,1038775,832732.44,991253.25,694594.6,175145.73,502944.75,835807.5,1120028.4,943861.8,881334.44,1077745.9,639778.25,993638.4,900619.7,1097102.9,878583.1,572234.9,772640.7,733614.3,856088.3,448220.7,1024971.06,908653.94,908013.94,456333.84,628922.4,705154,744003.94,1063350.1,1042409.8,1028226.25,976767.56,918233.8,994852.2,1132627.4,418249.16,985535.44,807795.1,451792.03,431600.75,399502.62,784224.8,2134675.5,710400.75,340555.38,845064.2,1020161.2,1025544.4,1118461.5,678740.8,707824.5,645114.5,1061836.5,1036409.56,778834.3,996296.7,781533.3,938196.7,838419.06,1002726.06,1029749.9,860045.56,955428.44,801734.2,470409.4,705132.3,604970.56,750365.44,1037618.9,550864.9,930753.25,523264.28,837823.4,782707.6,1172915.9,1075835,667195.1,348266.53
13,841087.44,637783.1,715247.8,1105952.6,1139195.8,787648.9,1068364.9,1015448.7,663585.7,1001379.1,1007005.3,779617.2,624371,883238.8,1020604.3,504532.03,891585.8,952010.06,786729.1,832454.94,1088112.1,687925.2,914901.1,822234.06,372035.5,790308.94,707156.06,822450.7,1117452.4,833621.25,430463.1,899812.75,735055.56,1077580.1,924015.5,694908.7,658638.1,1102648.9,763543.94,1055597.6,590070.3,845952.94,808126.94,703835.4,913496.6,913168.06,935871.94,885716.9,409141.44,952903.1,977216,916139.56,445339.78,878405.06,747125.94,731928.2,1039137.56,1031797.94,917947.8,652206.1,1148056.8,1006518.44,726932,1099869.2,509652.22,804214.8,946012.2,413689.78,518763.44,734265.56,866613.25,770816.9,311623.44,877906.5,1140422.1,934054,630349.5,724131.8,847685.75,535957.94,867636.7,1029566.8,1154942.4,1034353.1,1118989.4,814638.2,947216.6,306921.16,983580.44,537802.8,263037.5,458843.12,1019141.9,649316.94,880636.5,1096418.9,427588.75,830821.75,1093303.2,637368.25,989330,950521,937416.8,1120196,844479.94,953042.5,830384.4,920190.56,493532.9,897333,1019851.56,922915.6,613980.25,1093656.5,807512.1,658423.6,1071286.1,664610.56,744149,797184.3,718904,658844.94,749759,1129603.1,924393.25,1023778,1184625.8,770015.7,1155433.9,881356.06,210718.06,963330.75,620046.4,1141429.8,634611.6,1028960.6,839786,967344.94,788321.56,250625.44,564076.2,870042.44,922092.2,763430.44,857295.7,1014614.94,634446.06,766165.94,849961.56,898782.75,863174.5,486280.5,705556.1,669683.44,937644.5,428782.1,590059.94,966008.44,514193.97,262225.7,627619.4,774073.25,728853.5,1033577.3,974283.94,977229.56,830996.44,646469.9,1000630.7,1157652.4,334009.1,899100.2,914319.2,722327.44,396255.9,571611.7,655847.8,2144491.6,732966.7,265599.47,735454.06,1022424.44,980499.94,1136548.6,792916.3,697348.2,644047,1090301,842402.5,823339.8,993950.6,845509.9,612753.44,693167.2,1033785.8,1012585.5,870684.94,785401.2,819628.75,432779.97,685105.6,732777.2,746955.3,1082471.9,718167.2,864781.2,351552.1,831754.75,831848.9,1168737.5,1024589.6,687532.75,587714.2
14,761231,582846.06,627822.06,1169177.1,668981.4,772878.3,1122280.4,1105655.1,662605.8,1052240.8,995044.6,754703.6,386899.44,998245.8,1031020.56,1098706.5,927111.5,1025908.06,706641.06,689352.5,1049911.2,878279.56,814269.75,833561.4,444100.78,833750.6,678906.7,893229.3,1131188.6,894718.5,355863.38,1058731.9,670174.06,1097920.4,904599.44,702096.8,684086.8,1075638.9,936305.56,955354.56,633627.75,867577.44,843981.56,776814.25,930129,662715.6,892317.75,836697.7,421008,943401.25,1000146.8,1050532.8,404592.94,646995.1,798957.94,722378.56,990263.75,1074049.8,909077.8,834033.9,1036057.75,1101721.9,607542.3,1119192.2,608357.94,822894.56,986128.75,410868.1,593813.2,614843.4,738084.25,823734,179192.84,643113.75,1129013.6,952282.3,505101.6,924625.8,715159.5,552302.3,1038083,975010.94,1148085.2,1062537.2,1106134,716783.94,924063.5,249009.58,1013337.8,431086.53,477368,475075.03,1028164.06,613878.7,672915.7,1090331,186072,473448.7,1042888.94,659938.94,1024724.1,612082.8,602107.56,1063856.4,753836.7,989539.7,939544.6,591508.2,573997.9,1138983.9,1075645.9,912542.94,694334.94,1044285.7,704336.6,661761.5,962528.6,429472.7,731482.75,667296.6,801202.7,716863.4,803125,1163256,911601,972972.94,1180782.8,684510.94,1123932,1084991.8,232657.23,933408.2,625254.44,1150284.2,664474.7,989762.06,857049.5,1001281.2,708265.7,604492.5,473456.75,903798.3,1029005.4,701138.25,843064.44,1062706.5,626400.25,804785.9,827864.8,967786.75,810890,605299.1,740864.94,812996.56,946481.8,805750.3,524956.4,951916.1,1116011.2,385852.72,654581,790170.3,837505.5,1147895,1107835,1090814.1,733261.6,279642.8,1120359.6,1149954.4,492035.84,892671.3,978041.06,626042.4,696903.25,323462.44,677911.5,2018973.04,702747.75,176961.67,968875.8,764788.5,995662.4,1156328.8,614170.94,730892.7,614474.94,1036976.3,1110733.9,751746.2,974074.06,898079.9,883930.9,492563.03,1028404.4,1109724.8,845584.2,655097.25,943132.4,459223.72,1039342.06,563381.1,766689.25,1087170.1,579343.6,823295.9,640496.1,843991.2,826603.56,1180737.6,960977.6,716283.25,651423.44
15,581115.4,790981.3,617262.44,1166389.9,897041.7,763975.5,1005320,1003277.56,569400.5,970329.7,1060091.9,759861.7,826900.3,933463.94,951419.75,1123471.6,841333.44,996237.75,552076.25,838665.44,766907.1,927118.1,764050.5,752735.8,633343,820925.56,661444.2,774540,949310.9,837264.25,505404,1075011.4,771340.56,1105203.5,870433.2,905173.06,678258,1041601.06,908053.1,939614.6,642791.56,900004,566061.44,686562.3,961284.5,895304.94,922229.06,907822.56,852497.06,873383.5,975142.3,596241.2,943298.1,1032048.8,761646.25,848725.3,917952.56,1044708.8,905073.06,652744.2,678917.2,963937.06,882222.4,1066535.8,824486.56,791822.25,923846.6,740291.56,732900.1,340782.2,812203.06,855559.7,67683.71,799800.44,1121892.6,758847.75,858979.06,913299,546585.2,576767.9,1019461,1013647.5,804658.25,992383.94,1107546.5,581754,918658.25,83574.47,821291.8,788976.1,936058.1,578073.94,972059.4,719877,943543.7,1100437.9,153108.03,376058.62,622291.06,797974.6,937090.56,846991.44,726831.8,901728.4,657966.56,1018539.06,926218.1,1074944.1,483621.62,1129283.8,924439.44,792788.1,713277.44,613724.6,769711.25,843667.1,1092444.2,979204.8,720408.56,818556,812680.2,852714.75,870298.8,1168634.1,953632.6,997268.8,1183683,532296.9,1083618.9,1027512.56,670586.4,928792.5,695860.5,1116316.2,798726.6,973747.2,883997.1,1012139.06,788756.3,721420.3,496133.62,882028.25,1177574.2,982262.6,517308.5,1062742.1,668441.6,1161893,788503.5,860396.5,789538.2,611564.25,771969.75,810868.2,945910.1,843119.2,687275.2,972363.56,1150214.1,699664.56,657779.9,806801.5,881411,983201.8,1009034.44,1025315.3,565180.7,908381.94,1097368.8,1135883.1,600228.44,812796.3,811523.56,958922.1,943576.44,794834.06,751296.2,1882842.3,727983.2,153277.95,976129.5,842657.75,983866.8,1121991.2,454509.94,781458.94,1010509.6,875458.56,898606.75,877476.94,916631.9,951474.5,896402.94,405305.56,946049.7,1099856,714128.6,460703.6,865487.9,436444.94,1149798,625189,871383.25,970967.6,402526.8,556845.2,855534.3,821772.7,672542.56,1162553.8,1023723.3,678653.5,815512.4
16,652513.2,805175.1,891053.44,1150347,494054.8,813646.6,967309.8,1013602.25,601745.4,643368.56,1018377.7,791395.25,923779.3,738106.25,1077709.8,1070627.2,787841,1007517.6,678867.56,631306.3,936396.44,927607.9,779391.4,589686.6,889965,853797.4,676714.2,826480.5,1031321.5,887993.75,834584.6,896562.6,807051.2,1094353,966327.4,633579.56,719014,1077017.8,784071.4,1081371.8,618865.75,932034.2,463070,737454.9,953201.25,636474.9,885094.06,823502.9,999234.1,1019968.06,1007369.06,697686.7,953939.1,975728.6,875163,774623.9,918913.8,1130880.1,961092.44,733528.3,1123939,977446.94,771732.5,1067403.4,832621.6,567828.9,910169.44,646687.8,737340.8,860878.2,481340.6,837440.94,409319.88,670827.3,1123862.6,512272.34,880117.25,938661.75,839708.6,606737,1008460.75,1004794.8,932315.3,952968.3,1113180.4,503895.88,927065.56,240972.58,891829.06,352631.44,989506.2,390946.9,872457.3,690367.5,977605.2,846127.6,569685.9,319296.4,870991.94,799298.3,968638.6,1024297.7,716187.2,950609.56,779638.56,1041752.25,896616,951533,845615.4,1024882.1,644197.3,891051.5,837917.8,629145.4,803869.56,619454.3,1142970.8,877829.94,813014.4,510507.8,766531.9,872866.5,896019.2,1135981.1,1032403.7,868350.75,1171121.6,809481.8,1066491.8,1009433.25,209824.23,845214.4,823815.6,1143052.8,787758.56,968202.2,942924.8,885856.94,853046.5,516459.25,515130.9,872005.1,1182881.5,963257.5,395965.53,1102151.9,644045,1182500.6,757968.25,903467.1,833795.94,472263.28,496275.9,691169.8,992750,800571.6,992515.75,995190.4,1130199.9,822241.2,660341,803691.75,754700.7,1066890.1,1018656.5,1020711.06,619636.25,932054.6,1080292.4,1136548.2,904469.94,977410.25,845775.56,934084.6,974062.4,951321.5,697533.4,1936928.8,776998.25,301928.22,861343,1002803.44,904074.9,1106152,466714.22,750824.3,720156.8,548257.56,663983.8,950651.8,928639.2,1024778.5,967011.56,461338.75,931589.25,1088319.6,519642.8,799766.44,879095.56,274289.25,1164706.8,442830.38,843771.7,1076424.2,627259.94,590833.1,789034.44,785200.56,706674.56,1162863.9,1087312.5,784850.75,731092.2
17,950682.94,823835.44,870101.1,1167590.4,1057543.1,628268.5,1069729.9,1063619.1,607737.6,496753.6,1097500.1,786166.25,909555.5,454000.75,977705.3,1099826.9,944380.2,1034906.3,896810.4,483998.84,907151.6,1007574.4,723644.1,651321.7,967231.25,880750.06,700126,716983.25,1059813,938491.8,872513.4,1051067.1,909182.5,1064778.9,886792.4,917977.56,782470.8,1086442.2,962933,1162441.2,596844.9,925426.6,868591.06,604665,907706.75,914138.94,986886.3,841289.5,979938.06,969235.44,1056795.4,935629.44,727885.2,969237.75,876585.9,890419.56,950640.4,992821.8,983315.94,684106.5,1126522.4,881752.6,810635.7,1027193.3,850011.5,305714.4,916191.06,669716.8,693350.9,959434.25,842419.9,853973.75,290502.06,831848.4,1120699.9,233816.02,829127.94,928010.7,910991.2,615755.7,1032245,1025556.25,893553.25,898265.3,1097746.2,627862.75,973491.5,335840.6,856017.06,816889.06,665621.1,348335.28,886678.3,727346.9,1071374.2,993767.3,651080.06,789702.5,842670.4,897940.56,947502.2,863918.9,857552.8,961305,759357.4,1007520.1,800075.7,944256.3,974768.75,1071860,686831.6,922478.3,869525.5,803206,714928.06,695228.2,1148757.4,822229.2,885627.8,618557.5,804020.56,834030.3,884719.56,1135162.6,1051140.6,953024.06,1158082.1,863504.2,1121706.8,1031540.9,301663.25,888633.94,965909.94,1078187,636494.9,985628.8,892078.9,659194.8,624917.8,351752.94,541379.3,950301.44,1197609.4,1020878.75,355465.97,1095721.4,690749.25,1180930.1,845104.1,1044284.2,877903.94,542201.9,697146.1,649532.9,1006552.75,838514.94,339040.28,960149.75,1123906.4,504204.94,702410.25,893363,927817.06,1069968,1074887.5,1081427.8,749717.25,952414.8,1105235.4,1128524.5,821023.9,931050.7,650755.5,906802.6,547013.4,973359.3,519169.16,1923766.45,701507,68285.65,915931.2,796733.44,847641.4,1120074.6,423253.44,785869.8,861986.4,850533.8,848706.2,963997.9,989468.06,935024.7,985020.94,520427.97,797666.7,1090860.1,678233.9,982792.3,916628.44,413913.38,1145940.5,728221.7,768076.44,969640.75,657197.1,803885.3,798500.7,707267.6,733927.6,1183110.5,1082380.2,807296.3,746465.2
18,1111434.2,844265.5,914078.4,1136446.2,711771.4,863907.56,1125210.4,1131241.2,571268.44,863344.75,966787.44,772102.6,845722.44,786210.94,1011193.5,1014141.25,1064305.9,983850.5,829646.6,955184.6,937151.4,1023209.8,872884.56,770708.75,778341.6,859970.3,775353.94,794560,1114821.1,960336.25,529939.8,1016091.1,904177.1,1060073,894195.06,649097.5,688458.6,1040742.2,916002.4,1155077.4,568028.44,903688.1,804798.25,552162,878753.56,826563.75,749231.25,911445.25,810241.6,1022385,962114.7,1009150.25,845137.8,729256.7,952850.4,902041.8,925873,991156.2,985848.2,693732.4,1148362.6,818176.56,427931.2,980405.9,850136.75,580304.94,942749.2,670543.94,794284.3,789412.56,889420.5,861310.94,315916.2,616223.2,1066926.8,599852.7,937812.6,966423.1,860843.56,646759.3,974143.8,1165083.4,928436.9,955779.4,1073685.6,624469.94,1003313.5,248395.98,1006828.56,574022.1,818069.5,431818.6,994013.6,728173.3,936499.44,883422.75,874513.06,684135.9,923943.94,927655.4,1030731.7,974340.5,788790.44,1057882.9,732738.8,1020816.56,894907.1,857313.5,773314.4,994209.7,1058465.9,1018929.06,864481.7,931939.2,728751.94,773505.56,1155394.6,929794.94,870507.9,972702.3,719069.9,718528.4,900211.9,1152484.9,1056063.5,935991.5,1162055.9,837029.06,1164575.2,940666.7,602186.8,893991.94,813146.44,949039.1,671239.7,1009343.5,890528.8,968379.9,917835.7,420218.5,564583.6,933141.7,1196340.1,976218.4,327143,1085335.2,684189.5,1169534.5,1025515.06,953869.94,811853.7,390236.94,762855.94,702471.5,984662.3,879717.44,776720.56,1051858,1075711.9,543228.5,701918.94,950061.8,850694.3,1120597.9,967826.25,1008203.56,864532.3,676261.06,1106409.8,1097890.9,736597.3,677577.8,859548.8,903979.4,820482.56,823715.5,603656.06,1983321.64,755670.9,259250,900684.9,515309.2,929613.6,1154276.9,780255.2,817827.6,915506.75,958003,1112703,903747.75,995591.3,925311.5,965656.6,620441,799706.8,1091545,818474.06,927316.1,948851,840209,1145800.9,734844,795491.1,1101653.9,575566.06,834637.6,819950.9,599843.3,911603.25,1172331.8,1097829.6,709831.06,692183.2
19,1085853.6,683650.06,910217.56,1135137,860569.6,861483.56,1078153,1113338.2,577793.5,634230.4,834383.94,744282.2,1001691.25,380075.2,1015238.25,966705.75,999234.06,970858.4,864579.8,913034.3,790168.56,979041.7,981336.5,792100.3,806442.9,868928.06,743266,746791.7,1075646.9,887719.56,806135.06,1043646.3,920245.44,1037491.7,943724.7,824988.9,653665.75,1087755.6,754917.06,1107025.4,592409.7,863425.06,353062.34,621548.44,869257.4,699739.5,813621.7,767443.8,849503.75,905887.56,949139.25,946748.56,974181.44,962040.94,825882.1,916089.56,979715.7,1116254.9,1033628.8,501215.22,1152077.8,815550.9,744564.8,994055,814916.94,592085.4,896222.5,611663.8,705805.7,803729.94,889404.75,873387.44,367725.8,726982.1,1054886.8,474588.03,954752.2,883341.4,865654.3,683082.1,971867.56,1129967.6,661570.25,993295.56,1016294.2,755175.2,1062022,321228.78,924272,521794.1,947589.3,383383.22,1023404.25,721772.4,972265,987427.44,810744,880858.7,946816.6,939377.3,1088409.2,747763.7,980854.5,1055155.2,673122.3,977375.56,885877.94,607895.2,854396.4,1110157.4,966307.25,1032665.56,879499.56,713451.6,744979.75,487969.9,1153021.1,967660.06,906378.9,946973.1,721341.94,774371.44,805579.75,1145686.2,1052295.1,919615.4,1149382.5,810859.06,1116239.6,805097.5,726797.6,936060.9,903339.8,1044197.44,713665.25,1043128.3,829007.06,1029097,936141.5,391858.56,515375.5,897448.9,1185525.4,1033096.2,627960.2,1065439.9,594852.56,1146281.1,1131944.1,921960.3,737881.75,552164.75,739687.1,673700.25,988071.25,944306.25,707923.5,1083503,1017954.44,822232.44,698012.4,938646.3,772036.9,1124069.5,1085470.1,1045507.7,806327.5,926903.1,1139843.5,1049092.5,885613.94,723237.06,722744.25,913417.56,983502.1,891586.94,601767.2,1815711.81,757278.44,288442.28,965434.3,611529.6,919838.94,1163967,696014.4,683167.25,937933.06,802101.1,1014483.06,883880.4,1008098.94,919860.9,914742.5,640544.75,940025.8,1027627.56,751092.25,636214,999287.9,811010.25,1134578,890641.8,838119.25,1124731.6,620191.06,673836.06,787734.25,653521,1008194.6,1150899.5,1045760.9,727593.9,746348.8
20,1054105.4,784823.8,1032437.5,1139773.6,872582.75,843370.2,1011073.25,1013329.5,525925.1,587920.3,868358.94,717913.56,1041728.8,420292.03,793141.1,1024070,1036235.56,935650.1,649165.1,979156.2,1146422.1,991455.5,1018094.06,764339.2,1057294.5,842372.4,673697.2,490919.72,1038634.94,656482.7,859755.75,924817.9,786326.06,1100210.6,972517,741630.5,735713.06,1059479.1,963247.5,1121125.8,607254.9,847850.2,700455.4,622867.3,840530.44,810816.3,790709.2,943685.75,1032680.5,905249.56,824568.2,978854.94,986554.6,453928.4,819743.6,924938.06,1007507.3,1128990,914768.9,654347.56,1156826.6,980626.56,412808.28,1056499.1,789485.2,746197.4,923294.56,562776.06,620448.75,888984.94,929740.94,856617.4,387492.44,638088.44,1115481.5,450050.1,972494.9,966262.3,863143.5,683953.9,977806.8,1033265.44,1073917.2,952624.75,1097127.4,648102.25,972557.4,310741.6,677214.7,502735.3,1004891.7,636694.56,1025424.94,673050.44,1021387.44,1023270.56,688532.7,808262.3,933451.06,979829.25,1040376,986429.4,996716.2,1038297.75,691669.44,957823.7,897577.2,907919.56,940213.06,1094601.1,846575.25,1057358.2,706730.2,846014,316252.94,807268.56,1163311,1051091.4,757253.3,991423.1,729364.7,793030.1,811709.44,1111802.1,1043299.94,891246,1161194.1,812620.3,1177874.9,927325,747555.9,906954.25,1070742.1,938240.56,727012.94,1045432.6,844745.1,1037987.9,955164,572162.44,388407.22,876527.5,1170926.2,960713.2,669463.8,1027842.9,673754.3,1141845,1104948.2,915894.9,630810.7,708474.5,621330.56,726621.8,1016511.5,888097.56,986515.2,1071550.2,983808.2,837245.56,682983.75,804810.2,718312.8,1005259.8,1051901.2,989146.56,796909.2,128759.945,1138047.9,1121695,930161.1,647274.3,759051.9,581314.75,991771.44,1033127,635873.9,1849345.2,699708.44,319292.12,1004795.75,751433.25,801264.25,1125420.6,618061.44,811235.25,1051454.6,931623.9,1011151.56,836850.25,1037539.8,798504,945541.8,722647.56,878815.4,1055236.2,823845.2,561772.4,893220.94,827626.9,1125872.6,822564.2,857478.5,1051036.8,649448.4,811270.94,628192.75,741431.56,1022201.6,1151189.9,1007626.7,703184.1,867278.44
21,1050546.1,819510.94,835036.8,1093691.1,582072.25,737760.9,1061585.6,1051602.6,505538.06,782224.06,1018273.7,715449.2,1031012.7,649639.8,1037717.94,925196.4,1005194.4,1051367.4,688728.3,993970.3,968903.06,949132.7,840057.94,728787.06,1065235.2,792357.56,655563.56,490421.78,1067316.8,856205.4,913198.8,941154.9,623420.56,1087377.6,962377.7,883475.5,725858.1,1019739.94,1004508.75,1118087.4,639542.6,888381.56,702607.44,577239,721148.5,722786.9,829220.5,928384.9,1051036,913352.2,1012766.56,1092398.4,984374.56,946857.44,776891.44,934457,1032295.7,1099299,932346.8,571612.6,1173257.1,1065782.8,815196.4,1087590.2,845930.44,246523.19,916828.2,389139.56,665610.06,953577.2,826121.94,781998.25,63320.504,773525,1110071,699231.4,987838.7,909971.44,903681.6,717370.25,998880.06,1110609.9,1151907.1,912179.75,1081925.4,712941.5,905829,132445.83,770925.5,615955.5,958666.94,491917.22,1003781.5,741965.44,1055123.8,1068139.1,656141.3,859230.56,879053.1,825053,968936.75,798192.2,999055.3,961970.25,713934.75,964135.7,902242.7,628760.44,1024233.1,1135000.6,908397.3,1020602.44,766072.1,690354.25,269451.62,883261.75,1146089.9,1048831.6,659080.4,1018285.75,738806.6,820087.06,855045.25,1082048.8,959760.7,885927.7,1160660.6,718476.6,1156082,961055.7,709904.8,918823.6,978175.8,953150.94,735679.6,1043182.5,801452.06,913237.4,975386.1,342659.56,299729.22,865894.44,1148859.2,990673.6,602766.94,1030096.3,510776.47,1131625.6,1121886.2,1100672.6,656486.06,721990.75,334290.38,752007.9,965547.06,823773,1013966.8,1016441.4,1070625.5,826209.6,708503.1,647613.94,818536,1070980.1,1041001.56,1030209.56,747481.75,901761.4,1127814.9,1121613.5,1011458.06,918501.94,805841.75,731612.6,908189.9,1026920.1,712332.6,1831817.16,543214.6,318380.97,1028883.4,619271.8,714702.06,1181095.5,830746.94,626450.75,1022027.8,721952.1,956213.3,794931.1,1019560.4,925175.3,920235.6,687098.6,952226.7,1040888.9,732979.2,596918.56,850799.5,758172.6,1098667.2,843647.25,867873.4,1059430.9,658745.2,521609.25,604011.5,695460.9,1016068.7,1163354.6,1008533.9,853209.1,852541.1
22,1098513.6,697573.7,906176.4,1079634.9,767261.06,735180.56,1144292,1018076.75,454485.8,637515.3,1024642.44,714381.25,997166.8,512510.78,1116794.6,949860.6,966880.56,1102199.4,765247.44,986679.7,824008.7,940425.1,761712.4,645409.5,981687.5,687168.4,662871.75,571793.06,1125167.1,959918.75,927449.06,990147.75,491977.2,1054683.1,978675.25,817357.7,785058.1,985606.3,1020818.8,1152360,576488.9,866024.44,899007.6,565178.56,865621.2,888590.3,764330.75,885881.2,990036.7,973908.75,878128.25,1097556.6,958498.2,959804.8,713294.6,933557.44,1016741.8,980287.3,889269.25,764591.75,1185120.1,980673.2,764180.6,1120796.8,828837.94,276397.5,843955.2,182956.02,633405.75,958664.2,812950.5,779556.5,125809.42,839318.06,1109608.5,667756.75,984609.25,927156,889612.6,714863.56,1064756.2,1030907.25,1036847.2,996523.1,1102622.8,733394.4,925928.5,286309.4,849701.56,829453.06,829355.4,612110.6,1030557.44,799413.44,922451.56,966086.9,936198,954947.06,928319.2,723659.44,951715.06,960799.94,834892.8,1002284.94,752329.94,904633.94,834786.4,1002197.2,1000968.6,1165065.1,759277.9,970586.2,849702.44,799322.44,186549.53,722624.6,1109821.9,908762.7,873111.1,1010046.7,791236.7,861721.25,868789.3,1024642.9,653446.1,800272.3,1168319.6,491357.7,1068735.1,1014674.94,848022.6,921259.2,931699.94,1026298.3,775395,998987.7,827351.9,930862.9,970234.44,557048.25,355708.88,885367.75,1118754.6,902689.2,629404.56,1085653,682535.6,1124905,1122341.6,944147.4,576782.25,720388.8,346894.44,778461.44,981073.9,777580.75,868135,976943.6,964875.1,702490.1,720463.75,605742.25,609406.5,1076167,1119004.9,1131278.1,789074.56,873678.1,1148207.4,1119920.9,1005613.3,983658.7,883570.44,745276.1,720820.56,1013034.2,656938.8,1705703.75,397714.53,240064.72,965169.6,716132.1,826086.2,1201422.4,746247,735832.8,959352.94,966138.06,960375.06,759056.25,963641.2,975503.94,936882.75,623028.1,925131.5,1096227.1,829271.75,708021.8,621911.06,820622.2,1051005.4,949407.94,844659.9,1050619.1,572635,805900.9,743215.06,742067.8,990756.4,1153183.4,1007066.44,845218.9,737682.44
23,994893.4,867496.94,827381.5,1117681.6,645837.75,840254.1,1111843.6,1131174.4,518164.97,892948.6,1035837.06,723313.5,517815.53,744977.9,1059598.5,1126780.9,1035218.7,1030327.44,846839.56,962206,947626.25,746335.9,841384.4,519693.53,610776.75,635525.06,671422.7,574025.44,1149927.2,890096.4,703793.1,917237.2,770267.9,815046.5,1003053.7,855784.56,736377.4,1030551.56,972938.9,1150081.6,616724.94,917185.75,960726.75,772245.94,726990.25,907501.3,853629.2,907337.8,499222,1043050.75,962724.8,1099608.8,623887.1,840573,904682,950483.4,1059827.8,1004512.9,774769.25,674336.9,1189223.6,881115.9,788311,1103899.1,890047.4,378742.7,851712,303344.06,800841.25,613678.44,643828.5,832712.44,293448.16,811905.3,1102773.5,682271.44,837494.7,879149.06,803588.8,750326.06,995958.5,1112872.2,1010800.8,1048405.7,1104642.4,728379.3,955055.75,284608.97,916720.25,826853.75,448317.62,317380.56,1018487.56,693175.9,997844.75,1066069.2,778594.7,922826.56,1110048,568797.06,1003982.44,742011.44,754377.8,1167688.2,816640.94,795173.25,785003.06,506552.97,696267,1171036.4,791959.2,998534.7,921760.25,1061899.6,232236.39,743996.2,1072591,722140.06,933436.2,882108.8,705918.7,813195.4,792352.75,1047552.9,1080635.9,820828.5,1172324.9,759536.1,1066553,911496.94,886071,814633.3,565928.94,861019.2,733705.6,1019280.6,874158.25,921606.8,962924,740670.3,431359.44,932485,1016238.9,849512.56,490378,1064003.2,712088.9,1126169,1051378.6,944496.25,599102.06,722173.06,481101.6,702812,1021249.1,886905.5,741759.75,1032088.6,1090351.8,692916.06,689969.75,842706,666561.25,1146822.4,1097502.1,1009656.06,764444.06,941343,1156138.6,1118331,638225.7,942592.7,1037881.4,605093.6,546310.1,235247.42,691415,1608217.95,404210.72,274401.3,980858.7,704026.94,873804.7,1208898.6,329779.62,871932.9,737891.25,1073312.9,835943.44,684982.25,981959.8,934328.44,724043,445996.7,952100,1111444.4,969520.56,562184.56,887967.4,883803.7,1054820.4,884465.56,830843.8,1096657.5,459123.94,714441.1,833123.4,773689.06,946645.56,1165262.6,1041113.2,854314.2,685886.4
24,912658.5,892005.6,1003846.1,1131984.2,771357.8,829508.2,1134292.9,1020619.9,399809.94,1007785.44,981910.44,721674.25,788870.75,981664.9,1013877.7,1139455.2,1046256.25,1065981.9,951550.7,791300.06,935895.9,823056.8,1024645.94,594926.5,863256.6,761311.2,706919.1,782246.56,1058838.9,896925.6,987239.9,894891.06,894290.5,1026927.5,990690.8,852288.2,756662.56,1071116.9,1030618.06,1155618.5,512462.7,926909.75,1056884.1,552920.44,137218.81,879514.1,922637.9,760671.94,819088.25,1050161.8,867685.94,1076958.8,773145.25,701311.6,947069.25,644977,951164.4,1004035.8,931698.4,458699.22,1169996.4,812976.5,539952.2,1088030.6,904103.3,537944.9,825738,529870.9,811278.44,989232.9,625666.25,716643.8,171604.53,674504.2,1109150.9,900069.56,901139.5,746295.3,928330.7,679146.8,1010110.3,1113638.2,984678.6,1054367.8,1092520.4,704189.4,1015927.8,154489.45,960412.8,918200.9,783134.1,417054.03,1030534.56,655571.75,1095751.9,1136429.6,413048.9,762152.5,1133200.6,758108.1,979434.94,516062.3,547716.06,1164590.5,755627.7,829317.2,815793.5,420527.22,974651.25,1156588.4,725945.06,1056360,926935.3,1136882.1,381661.25,753467.6,1097111.5,839680.3,910567.1,701975.56,653878.44,886985.44,789722.1,1076789.4,1074278,973777.2,1182780.5,730879.94,1117736.6,755740.1,893083.75,870665.06,965897.25,1095219.1,672262.94,1031332.94,878903.9,986446.8,832674.5,716214.2,390970.28,914104.6,1019440.2,781472.9,342919.9,1117565.6,711207.4,1136802.9,982333.7,889339.56,897033.56,750306.1,547081.44,530535.2,1030852.06,725670.1,521443.97,1005947.9,1168514.4,826797.9,735715.06,892099.7,766436.94,1071724.2,918133.6,956605.06,724300.7,651206.8,1166534.1,1124579.9,932220.8,1008526.3,1061146.2,544423.5,611657.1,658460.94,770947.5,1688561.6,574061.2,119390.58,946295.5,540913.06,957757.2,1204401.4,417657.8,853124.8,695392.4,1134360.4,673077.25,831811.6,1019306.75,880119.2,714407.94,416430.44,951565.1,1050615.1,963962.44,813508.7,902088.56,949369.94,1153657.8,648435.4,883100.44,1126688.6,417840.12,692181.9,797704.4,797026.7,1051621.6,1186425.2,1095678.5,890214.8,681392.1
25,1006139.06,881792.25,919032.3,1172831.5,804339.1,769667.25,1082606.9,1060405.6,332670.56,1010820.44,701272,713230.4,966391.6,909860.8,1068853,1141225.1,1023452.06,802719.4,940574.4,457112.44,923061.9,914845.75,1035169.8,745590.8,977171.2,800079.44,718466.8,811606.3,1134860.6,800523.2,978428.06,916147.4,777280.7,1050176.4,953857.8,832578.5,782175.3,1066769.9,994590.06,1169537,580789.75,947901.56,1105786.9,646270.7,336149.88,776801.06,884669.3,864720.8,986997.8,1013505.56,789611.2,908449.56,984341.94,225050.55,844492,720891.3,1076624.5,941993.56,1010105.6,596762,1167399.5,873912.4,683112.9,1041787.25,668817.56,638260.9,898589,677421.56,821696.8,913800.9,588047.75,626327.6,152980.25,667835.7,1116081.4,966014.9,898217.06,874458.7,786389.9,707441.7,917730.5,1019193,984373.06,1031901.2,1104040,700800.7,995320.2,262890.28,1042573.44,941672.6,939582.3,775841.2,1044000.06,642048.2,1137346.6,1146471,733310.94,626790.5,1123626.8,868662.8,1027625.1,502293.44,801697.5,1148258,777971.2,806872.3,873563.56,356874.06,1010909.25,1162362.8,690033.44,1022359.56,801257,1146412.1,568825.3,807092.25,1152723.5,902172.5,844017.5,429847.2,692555.9,877687.7,775864.8,1058745.9,1054502.9,967698.3,1161519.2,693421.44,1133965.4,897481.56,1004915.56,936072.6,1024683.6,1118270.5,621333.06,1051460.1,869899.44,974852.25,518899.8,733380.9,414084.06,974686.9,1107576.4,955661.8,710195.94,1039587.3,592948.75,1154841.9,1071807.6,972289.1,881953,717189.25,604806.7,665425.8,981844.1,868710.56,811742.25,1110228.1,1166152.8,961369.94,764070.1,796692.2,838802.06,1009344.25,705762.9,779261.94,692520.25,941818.3,1160304.8,1126408.4,962099.5,893440,1055957,699318.75,940835.3,899729.8,832886.44,1902189.19,694650.9,147098.69,902230.5,777290.7,894817.1,1190152.6,732896.56,798924,857325.6,1129717.6,824488.25,768588.3,993771.3,837555.75,870927.7,451930.25,820296.25,1134158.6,1024270.2,922184.56,844611.8,964854.56,1174470.6,665182.2,902684.2,1126963.9,271501.9,885115.1,817116,520066.06,1000920.5,1187620.1,1150505.6,922114.1,779227.4
26,1052775.8,760820.06,1031328.7,1152397.4,840970.56,806090.94,1128575.2,1015683.75,337536.84,1102013.4,1052122.9,682486.06,649532.56,999250.25,1025851.2,970045.2,973960.8,971881.7,918360.56,801933.25,890267.75,872549.2,889705.6,714608.2,928498.7,852073.9,665512.7,813608.8,1077071.2,542551.44,986930.4,1053732.2,425500.78,1132309.2,946427.44,844926.2,738330.5,1073694,913318.06,1200321,525717.4,933290.6,915309.4,645204.9,782457.94,614161.9,910890.1,832242.5,866776.8,994953.7,1023496.06,987569.7,833709.1,660682.75,623137.1,645651.5,1105707,912700.44,946560.9,785760.75,1178473.5,787226.4,762573.6,1041457.44,786397.94,713267.94,925559.9,643752.2,815358.1,1033862.56,760438.7,741988.4,334233.72,705733.6,1115037.4,1071118.1,542399.3,836397.8,1034427.4,788666.2,1016161.8,1089364.1,889999.94,968170.25,1103993.4,725226.3,982458.94,295633.53,985985.75,506423.62,914554.56,456984.7,1048240.44,604933,1128124.5,1157569,339759.66,321068.2,1150030.8,774153.7,1054677.1,456160.75,759028.7,1179630.6,814878.25,779331.2,916291.75,317907.4,1056582.4,1146344.5,873846.6,1033940.94,845978.3,1095292.6,777870.9,773621.7,1165072.9,264095.6,868739.1,570580.7,677659.2,819998.44,654728.8,1058870,1083080.1,850439.8,1109354,851753.25,1117232.4,873926.5,997562.9,898736.94,1007063.3,1139872.8,554911.4,1047780.44,865868.2,1028170,645343.5,658701.6,421705.7,987392.2,1167938.8,956341.6,549466.8,1082562.9,671590.06,1172386.2,1134238.6,718125.5,927935.6,603164.1,415481.84,773910.56,966539.2,898385.44,868772.25,1079646.6,1062417.4,970931.44,771715.75,422380.7,795539.5,1042512.2,931966.1,922698.56,757182.06,798406.1,1088210.4,1106487.6,999590.4,929395.56,925744.1,308083.28,931290.75,706941.5,791917.75,1927903.1,753367.3,227564.08,926306.25,927276.4,637546.56,1172122.9,878452.9,816196.5,437326.3,1131882.2,916675.2,565618.1,1011677.25,901940.6,814834.5,532073.5,891636,1089542,938688,963270.4,569773.44,931646.44,1179990.4,546550.5,939072.6,1059491,110147.484,907395.56,814807.9,622241.2,963326.6,1187124.6,1161079,921059.75,846265.25
27,1076037.5,893707.8,671446.3,1135526.6,715547,816930.06,1075535,971293.7,440501.72,1126409.4,1035276.25,734666.3,737224.4,1073137.1,1032855.25,990962.7,808006.5,1075655.5,814952.3,665443.75,891691.1,892142.2,761874.4,623736.1,629879.8,867053.9,674183.56,924348.2,1080943.6,704291.3,865538.6,1034882,763035.75,1129229.8,954144.1,960703.5,752719,1105636.1,990596.6,1153984.9,513630.47,858143.2,781312.75,675978.06,875677.4,879984.25,906347.9,722436.3,706953.9,933073.4,990394,980255.8,488056.1,1020227.1,877810.56,489094.06,1063249.9,966442.7,791517.4,547053.3,1188586.8,1132729.1,802826.44,991464.5,877256,569413,873510.94,709453.44,807795.3,666873.4,665011.25,806290.75,122841.99,778631,1094920.6,1089743.2,621261,837826.44,974159.94,786592.6,1047740.2,1104216.4,856641.5,772080.9,1006624.7,865740,950455.5,152063.12,1032308.56,470994.66,564662.5,653308.75,1051841.5,513465.56,1143402,1084805.9,800585.2,486619.1,1117429.5,1009761.3,1106387.4,769665.6,921377.3,1128096.1,848139.7,673894.25,833907.3,987454.25,571748.06,1081332.6,1035376.5,939758.56,874129.56,845644.06,783132.4,693124.06,1141785.4,587898.25,866650.9,515032.3,650223.25,771199.56,622651.9,1049584.1,1064904.1,762084.3,1148552.9,860731.7,1125025.9,1011395.4,983311.8,908290.25,624247.06,1143227.4,570494,1031230,818051,1052898.6,572040.4,671743.06,329087.7,978375.9,1156491.1,1006789.5,412297.78,1032379,568736,1168518.2,1147764.4,994460.5,910219.06,533468.25,184784.52,690927.25,1010492.94,509082.12,1109025.5,1058732.5,936003.2,814407.9,780454.7,666079.7,824305.56,1013292,1057521.5,1115090.9,767425.25,904041.1,1039092.1,1073236.2,542572.5,923981.7,786952.4,473679.16,429694.2,719341.44,691598.94,1950873.26,729407.94,94935.45,872081.9,977443.94,511992.53,1161596,843212.4,750150.8,580548.25,951723.5,924146.3,638847,991075.2,891069.6,853751.5,555597.6,1015424.8,1104287.9,956137.06,985821.9,642508.2,888563.75,1092115.2,575809.6,946968.4,1039931.5,262343.22,898153.6,812396.8,798818.3,873999.94,1196144.5,1172351.6,881044.1,815501.5
28,1165882.1,917424.44,1073430.2,1117471.8,1046029.4,827024.06,1061202.6,998361.5,582056.5,1065337.2,1108155.6,711825.2,631775.44,1056283.6,932126.3,1020293.75,797174.4,1019552,812329.7,562269.6,1009660.6,939882.25,506346.75,663793.06,871572.75,841395.1,699643.9,857347.56,1021219.56,174243.89,878746,974306.7,840657.2,1120719.8,859137.25,918550,803745.3,1003243.56,934848.6,1129015.5,530742.5,844531.9,842320.44,745529.7,898001.3,878352.4,858725.75,910131.2,817982.8,929557.1,1107526.5,1100736.4,547281.2,858172,907429.06,573221.3,1058299.1,980487.2,919193.75,614576.06,1196410.6,1084056.2,753699.44,1057020.4,961272.5,527647.8,894320.8,705769.25,856917.4,1021702.06,677413.9,748870.1,76666.164,789980.44,1070826.2,989347.06,647866.44,898909.25,1088609.9,819556.4,1103945.5,985316.56,1088955,958859.9,1035114.56,833535.8,988118.44,201016.02,987804.9,756058.1,549882.5,527456.3,1052791.8,576584.1,976174,1058839.9,369241.25,486116.62,1164341.8,851963.3,1030797.06,912849.75,407614.28,1151132.4,931632.94,827433.94,912271.2,628409.8,879322.7,766311.75,1068920.6,966747.75,959988.56,1123024.2,779991.2,749412.94,1026918.9,907909.25,907699.1,491384.44,732573.06,661484.75,550390.75,1110656.5,1107432.1,732388.06,1154287.2,572978.06,1115672.5,851676.75,871633.8,944918.56,890156.8,1103646.5,544878,967763.25,818175.5,1121048.9,671877.56,658937.06,255654.73,869783.25,1151180.2,1040786.4,559238.8,1065776.5,700578.6,1159851.2,1170775.6,722936,813816.44,581521.3,540416.06,652850.94,933539.8,317396.5,1078603.2,993350,1045701,662471.44,775357.9,798366.75,868638,1017362.75,1019991.1,1055517.6,745415,863950.5,1100985.8,1062338,846193.9,955995.06,778725.1,456987.2,330376.56,517315.06,721057.75,2026850.15,699375.56,214733.97,861911.44,1103202.5,719146,1159802.5,809308.25,825984.2,870976.06,1110327.6,1073092.4,804541.75,966549.94,739483.56,927621.6,520728.38,960627.6,1155525.8,961486.5,1083507.1,875136.8,769820,1127302.2,527656.25,961829.25,1008470.75,417744.8,955315.56,712680.6,901047.7,800696.7,1197005.2,1142092.2,808159.25,803482.44
29,831576.3,928726.7,795638.5,1150833.1,961829.25,792713.44,1124162.5,1109250.6,558171.1,978027.2,1087276.6,648616.56,463994.6,1013998.75,920351.8,1101468.1,873022.3,1101930,836528.06,679373,856222.56,959867.25,731974.6,716223.75,399301.28,825352.8,703103.2,822289.3,1092874.2,711917.25,872409.25,1049932.1,619834.75,1099022.2,991251.8,819672.25,826043.4,1090179.4,726422.94,1121344.4,590854.3,879225.7,955449.7,757558,508656.3,610716.2,733533.1,874866.44,475640.53,975898.5,1093361.1,1111188.6,164227.06,783728.8,743769.44,916633.25,1070011,952635.94,827271.9,541215.25,1153914.9,1027830.2,578082.1,1045551.5,971122.5,656159.8,963648.56,733155.44,802015.9,879077.8,800706.25,601208.8,171447.42,622327.25,1089570.4,954962.8,458284.56,900577.3,1060651.2,798091.2,1097303.2,989852.2,1009073.25,963840.75,1071403.6,860768.6,976819.94,43764.21,895217.1,926724.25,527749.25,438110.22,1040244.7,578555.5,1141815.9,1001202,358522.56,772957.9,1168832,797749,1005840.2,626363.75,729917.8,1185550.2,932493.44,864618.7,953214.8,307843.03,817103.56,1152131.2,1022352.6,1002935.44,984988.56,1138000.5,781798.06,740375.5,1049575,631929.7,976146.75,623916.9,729748.5,678381.7,753528,1137009.1,1103554.2,988779.8,1164115.5,638671.8,1053959.8,972230.75,821155.06,1012306.25,621218.1,1100665.6,614191.94,941627.7,815228.3,1095499.1,620652.2,738098.7,315410.53,825225,1158987,979856.06,707717.3,1020459.5,715114.1,1155038.9,1105216.2,507111.53,712970.6,632341.44,646032.94,722843.75,970019.06,557077.6,1112774.6,993089.8,1125593.5,804231.1,761464.94,637430.9,910497.2,1126723.1,1028724.2,1087654.4,773289.25,788411.25,1125476.2,1113774.9,707028.7,861596.2,735981.75,874433.6,357111,486255.94,793795.7,2119690.6,715412.4,217567.58,923843.3,1058227.4,687900.2,1163606.8,823181.5,875435.2,805767.06,1098889.6,895724.56,724229.94,1003036.56,515503.25,940073.7,677145.94,939108.2,1126643.5,973199.3,975255.75,880622,565941.94,1147628.8,618886.5,863082.25,1092128.1,585389.44,939848,568252.7,980902.2,930668.1,1174260.4,1136177.1,702634.9,813777.94
30,1149623,666494.25,756133.4,1162031.9,1158683.1,780948.4,1053512.5,956517.5,440404.56,1088259.1,1078979.2,597140.3,375778.4,948768.56,837342.8,1113895.6,881777.4,970591.7,903469.9,533159.25,827194.2,814439.75,618291.44,593742.3,376404.12,823689.4,687409,823014.3,1046788.44,672508.3,870168.25,1009278.6,434895.16,1013088.2,938187,803322.1,848023.56,1053102,681719.25,1070355.4,551889.7,911176.4,961676.4,847966.1,545169.94,680846.56,763551.7,839469.5,464586.28,1002488.3,1041264.7,1115277.2,650017.1,763927.8,657843.06,848909.94,1080998,854427.5,886232.8,638788.6,1167380,910373.5,674588.8,1063805.4,873174.4,760633.2,954357.7,689886.9,764908.8,948837.8,862102.94,691117,339394.7,688755.8,1119311.8,1056065,835203.25,800101.25,988625.1,802018.94,999752.8,1055351,885927.7,815422.2,1087914.5,827811,1014364.2,265724.66,913810.1,514621.75,507890.9,639320.56,1007192.2,587033.1,1123535.2,1108652.1,568331.4,315111.03,1132222.4,948646.2,990063.2,375111.16,904415.75,1146380.4,849790.06,908708.44,960204.4,867015.94,878125.94,1141863,509283.16,994348.44,920678.56,1052699.6,759392.5,714063,1096171.6,347239.6,979150.75,787672.75,749719.56,635475.4,743895.75,1112394.9,993812.25,1012799.44,1163333.8,785180.9,1100892,974177.94,630301.8,1063807.4,454071.1,1128857.2,580075.9,943132.25,825321.44,1072818.1,532139.6,596210.25,450776.25,901595.1,1162525.5,921606.25,761168,1055526.6,603636.56,1154996.8,1122835.5,938595.44,648435,612539.1,371596.6,734938,919593.06,717296.2,1129061,1072172.2,1135991.1,603988,755013.3,556287.6,681498.25,985748.8,910985.3,930864.7,805333.6,801495.94,1133170.5,1119711.1,633150.56,929863.3,503291.47,759965.5,530699.6,464872.8,740891,2030911.8,709834.5,70038.56,805171.44,1069572.2,605840.2,1149508.5,770739.06,831454.94,692585.1,1072884.6,903725.7,632805.1,958090.8,718536.5,740336.94,735160.7,1088857.4,967121.25,1073748.1,1029948.2,839730.9,521525.5,1153341,613042.5,763259.9,1061892.1,429343,1000424,771710.5,999522.6,867899.9,1156065.1,1131736.1,768095.7,846471.3