country,1,2,3,4,5,6,7,8,9,10,11,12,13,14,15,16,17,18,19,20,21,22,23,24,25,26,27,28,29,30
Afghanistan,997078.6,923119.3,968212.5,987914.8,985788.25,1070268.2,1007197.44,935346.3,694764.75,907980,780923.06,892541.06,841087.44,761231,581115.4,652513.2,950682.94,1111434.2,1085853.6,1054105.4,1050546.1,1098513.6,994893.4,912658.5,1006139.06,1052775.8,1076037.5,1165882.1,831576.3,1149623
Aland,643757.4,630180.25,657057.9,596258.06,337929.97,701042.3,389069.6,243403.33,251828.3,283106.34,606896.9,710272.56,637783.1,582846.06,790981.3,805175.1,823835.44,844265.5,683650.06,784823.8,819510.94,697573.7,867496.94,892005.6,881792.25,760820.06,893707.8,917424.44,928726.7,666494.25
Albania,957743.3,844854.5,607363.4,762537.3,286466.9,730210.1,664971.06,395650.8,363923.7,497533.62,792009.56,698931.4,715247.8,627822.06,617262.44,891053.44,870101.1,914078.4,910217.56,1032437.5,835036.8,906176.4,827381.5,1003846.1,919032.3,1031328.7,671446.3,1073430.2,795638.5,756133.4
Algeria,1000844.8,1045963.56,940053.3,854361.4,931980.75,1040634.8,1087916.4,1103482,1114681.1,1117119.4,1124043.6,1113269.8,1105952.6,1169177.1,1166389.9,1150347,1167590.4,1136446.2,1135137,1139773.6,1093691.1,1079634.9,1117681.6,1131984.2,1172831.5,1152397.4,1135526.6,1117471.8,1150833.1,1162031.9
Andorra,752523.8,509889.3,424631.44,1022420.1,706313.3,628519.25,835590.06,758008.4,709261.8,909840.8,734982.3,1075062.2,1139195.8,668981.4,897041.7,494054.8,1057543.1,711771.4,860569.6,872582.75,582072.25,767261.06,645837.75,771357.8,804339.1,840970.56,715547,1046029.4,961829.25,1158683.1
Angola,987320.25,982074.6,933941.56,937971.1,852728.56,849882.06,651930,752980.4,865637.6,723935,660837.6,776672.94,787648.9,772878.3,763975.5,813646.6,628268.5,863907.56,861483.56,843370.2,737760.9,735180.56,840254.1,829508.2,769667.25,806090.94,816930.06,827024.06,792713.44,780948.4
Anguilla,1018183.5,949437.44,976132.7,1066403.2,957685.75,1000568.25,1021129.75,1092638.9,997449.25,1077108.1,1013634,1047537.75,1068364.9,1122280.4,1005320,967309.8,1069729.9,1125210.4,1078153,1011073.25,1061585.6,1144292,1111843.6,1134292.9,1082606.9,1128575.2,1075535,1061202.6,1124162.5,1053512.5
Antigua and Barbuda,1049296.4,957221.5,929720.44,992890.3,929768.4,1036812.3,1019875.9,1084599.2,987795.4,1043024.4,1041093.6,995031.25,1015448.7,1105655.1,1003277.56,1013602.25,1063619.1,1131241.2,1113338.2,1013329.5,1051602.6,1018076.75,1131174.4,1020619.9,1060405.6,1015683.75,971293.7,998361.5,1109250.6,956517.5
Argentina,548437.1,686019.75,725747.7,650905.5,702797.25,771448.94,758769.9,745012,724138.44,661161.5,669575.5,664365.75,663585.7,662605.8,569400.5,601745.4,607737.6,571268.44,577793.5,525925.1,505538.06,454485.8,518164.97,399809.94,332670.56,337536.84,440501.72,582056.5,558171.1,440404.56
Armenia,608957.5,669602.56,738878.1,774971.4,827154.9,403576.56,833195.3,788304.8,881546.75,906351.56,954388.3,1021132.4,1001379.1,1052240.8,970329.7,643368.56,496753.6,863344.75,634230.4,587920.3,782224.06,637515.3,892948.6,1007785.44,1010820.44,1102013.4,1126409.4,1065337.2,978027.2,1088259.1
Aruba,927644.75,999238.56,1013264.56,1022445.7,1065524.9,1038600.06,1022760.2,992798.56,1021323.94,1081479.8,1068479.6,1090168.4,1007005.3,995044.6,1060091.9,1018377.7,1097500.1,966787.44,834383.94,868358.94,1018273.7,1024642.44,1035837.06,981910.44,701272,1052122.9,1035276.25,1108155.6,1087276.6,1078979.2
Australia,903620.9,891832.1,875752.75,857306.4,848640.1,854664.06,850693.1,824577.8,797202.06,822293.6,821908.56,778743.8,779617.2,754703.6,759861.7,791395.25,786166.25,772102.6,744282.2,717913.56,715449.2,714381.25,723313.5,721674.25,713230.4,682486.06,734666.3,711825.2,648616.56,597140.3
Austria,796352.5,775050.1,732076.2,653950.2,417257.78,590829.94,679953.94,499052.4,612087,440285.66,277526.25,572865.8,624371,386899.44,826900.3,923779.3,909555.5,845722.44,1001691.25,1041728.8,1031012.7,997166.8,517815.53,788870.75,966391.6,649532.56,737224.4,631775.44,463994.6,375778.4
Azerbaijan,364312.4,808965.94,667772.8,650865.2,853078.75,435136.72,718382.3,666166.5,661665.8,852405.94,872265.2,910689.56,883238.8,998245.8,933463.94,738106.25,454000.75,786210.94,380075.2,420292.03,649639.8,512510.78,744977.9,981664.9,909860.8,999250.25,1073137.1,1056283.6,1013998.75,948768.56
Bahamas,1006241.8,1001436.44,961907.5,923275.56,893843.1,891965,980039.6,984964.94,913314.56,633307.75,916302.7,991757.25,1020604.3,1031020.56,951419.75,1077709.8,977705.3,1011193.5,1015238.25,793141.1,1037717.94,1116794.6,1059598.5,1013877.7,1068853,1025851.2,1032855.25,932126.3,920351.8,837342.8
Bahrain,809941.7,643929,973627,999825.25,817690.75,980550.9,816248.56,1012936.2,877904.56,914567.3,718283.25,841660.94,504532.03,1098706.5,1123471.6,1070627.2,1099826.9,1014141.25,966705.75,1024070,925196.4,949860.6,1126780.9,1139455.2,1141225.1,970045.2,990962.7,1020293.75,1101468.1,1113895.6
Bangladesh,628669.06,647302,710788.94,704011.25,593053.44,802960.1,772997.8,712285.3,564214.8,616203.56,824812.25,838797.6,891585.8,927111.5,841333.44,787841,944380.2,1064305.9,999234.06,1036235.56,1005194.4,966880.56,1035218.7,1046256.25,1023452.06,973960.8,808006.5,797174.4,873022.3,881777.4
Barbados,1063608.1,984603.06,1025868.1,1018494.2,934615.7,973074.3,917822.3,930650.8,929634.5,944802.94,1002341.9,905919.6,952010.06,1025908.06,996237.75,1007517.6,1034906.3,983850.5,970858.4,935650.1,1051367.4,1102199.4,1030327.44,1065981.9,802719.4,971881.7,1075655.5,1019552,1101930,970591.7
Belarus,709252.25,741787.4,751795.3,702003.44,716774.1,734150.94,558513.1,635701.25,581430.3,716328.9,545354.25,673831.44,786729.1,706641.06,552076.25,678867.56,896810.4,829646.6,864579.8,649165.1,688728.3,765247.44,846839.56,951550.7,940574.4,918360.56,814952.3,812329.7,836528.06,903469.9
Belgium,765631.6,457348.12,561268.3,588166.2,647801.06,572060.2,672553.7,451852.94,381689.84,722846.25,814133.9,549427.1,832454.94,689352.5,838665.44,631306.3,483998.84,955184.6,913034.3,979156.2,993970.3,986679.7,962206,791300.06,457112.44,801933.25,665443.75,562269.6,679373,533159.25
Belize,1061380,904158.56,884207,907120.7,897161.9,851014.3,926176.9,871130.44,792010.44,989692.94,1106083.6,987469.1,1088112.1,1049911.2,766907.1,936396.44,907151.6,937151.4,790168.56,1146422.1,968903.06,824008.7,947626.25,935895.9,923061.9,890267.75,891691.1,1009660.6,856222.56,827194.2
Benin,922492.25,1007484.75,971518.5,1006783.44,978248.56,917089.2,758445.5,858222.9,1002311.5,969222.75,719915.06,934584.3,687925.2,878279.56,927118.1,927607.9,1007574.4,1023209.8,979041.7,991455.5,949132.7,940425.1,746335.9,823056.8,914845.75,872549.2,892142.2,939882.25,959867.25,814439.75
Bhutan,594185.8,801461.44,846116,591402.9,691462.8,816405.06,703351.2,919613.8,556491.06,941782.1,989094.75,984770.94,914901.1,814269.75,764050.5,779391.4,723644.1,872884.56,981336.5,1018094.06,840057.94,761712.4,841384.4,1024645.94,1035169.8,889705.6,761874.4,506346.75,731974.6,618291.44
Bolivia,742825,692121.56,663157.75,757876.7,628080.3,732452.7,937310,990532.7,963560.1,869025.75,682737.6,739004.8,822234.06,833561.4,752735.8,589686.6,651321.7,770708.75,792100.3,764339.2,728787.06,645409.5,519693.53,594926.5,745590.8,714608.2,623736.1,663793.06,716223.75,593742.3
Bosnia and Herzegovina,908915.5,853658.2,652013.6,769967.4,443399.75,764677.9,634722.6,394093.94,447539.34,488264.78,479645.9,322179,372035.5,444100.78,633343,889965,967231.25,778341.6,806442.9,1057294.5,1065235.2,981687.5,610776.75,863256.6,977171.2,928498.7,629879.8,871572.75,399301.28,376404.12
Botswana,939302.7,898779.44,916623.3,929558.4,873631,840278.6,810711.06,790744.6,865971.3,833855.5,564959.56,736153.3,790308.94,833750.6,820925.56,853797.4,880750.06,859970.3,868928.06,842372.4,792357.56,687168.4,635525.06,761311.2,800079.44,852073.9,867053.9,841395.1,825352.8,823689.4
Brazil,784635.06,777800.06,709972.4,688610.06,678236.1,641062.7,576408.44,628008.3,666044,643597.8,663840.6,709257.2,707156.06,678906.7,661444.2,676714.2,700126,775353.94,743266,673697.2,655563.56,662871.75,671422.7,706919.1,718466.8,665512.7,674183.56,699643.9,703103.2,687409
British Indian Ocean Territory,983286.5,973328.56,1010468.56,1009598.7,885074.2,845253.06,1017097.3,981428.94,997288,1005268.06,891415.5,955590.06,822450.7,893229.3,774540,826480.5,716983.25,794560,746791.7,490919.72,490421.78,571793.06,574025.44,782246.56,811606.3,813608.8,924348.2,857347.56,822289.3,823014.3
British Virgin Islands,977473.06,990945.8,968439.56,1067586.4,1020413.75,1054121.9,991359.4,1076244.6,999296,1057384.9,992435.8,1059986.1,1117452.4,1131188.6,949310.9,1031321.5,1059813,1114821.1,1075646.9,1038634.94,1067316.8,1125167.1,1149927.2,1058838.9,1134860.6,1077071.2,1080943.6,1021219.56,1092874.2,1046788.44
Brunei Darussalam,936181.44,1021431.8,965560.25,997358.3,879800.2,912271.2,880313.4,909485.3,908288.2,822312.1,871288.4,759439.3,833621.25,894718.5,837264.25,887993.75,938491.8,960336.25,887719.56,656482.7,856205.4,959918.75,890096.4,896925.6,800523.2,542551.44,704291.3,174243.89,711917.25,672508.3
Bulgaria,913531.75,859272.56,869498.75,869782.7,853295.75,768031.75,470436.2,449085.62,389639.22,502568.06,437778.66,599081.94,430463.1,355863.38,505404,834584.6,872513.4,529939.8,806135.06,859755.75,913198.8,927449.06,703793.1,987239.9,978428.06,986930.4,865538.6,878746,872409.25,870168.25
Burkina Faso,1007310,988789.9,980656.06,960272.2,926510.7,1060361,1027619.8,1042782,1108593.5,1109326.8,1087967.4,930531.3,899812.75,1058731.9,1075011.4,896562.6,1051067.1,1016091.1,1043646.3,924817.9,941154.9,990147.75,917237.2,894891.06,916147.4,1053732.2,1034882,974306.7,1049932.1,1009278.6
Burundi,713793.44,761876.7,811954.56,653993.2,775248,842609.2,885045.7,757372.3,713477.94,616245.25,768413.25,668662.94,735055.56,670174.06,771340.56,807051.2,909182.5,904177.1,920245.44,786326.06,623420.56,491977.2,770267.9,894290.5,777280.7,425500.78,763035.75,840657.2,619834.75,434895.16
Cabo Verde,1083651.4,1029233.2,951464.44,1064766.5,1058009.2,983465.25,1057619,1072091.2,1067537.5,1070998.9,1056126.5,1013383.1,1077580.1,1097920.4,1105203.5,1094353,1064778.9,1060073,1037491.7,1100210.6,1087377.6,1054683.1,815046.5,1026927.5,1050176.4,1132309.2,1129229.8,1120719.8,1099022.2,1013088.2
Cambodia,749302.44,825596.94,879922.1,709681.4,817159.9,914500.2,904314.3,938558.25,933833.25,968545.75,986032.3,914063.75,924015.5,904599.44,870433.2,966327.4,886792.4,894195.06,943724.7,972517,962377.7,978675.25,1003053.7,990690.8,953857.8,946427.44,954144.1,859137.25,991251.8,938187
Cameroon,950318.8,769227.2,1010950.8,859905.9,762645.8,834361.94,856281.44,783515.06,953886.9,858586.5,658816.1,806561.94,694908.7,702096.8,905173.06,633579.56,917977.56,649097.5,824988.9,741630.5,883475.5,817357.7,855784.56,852288.2,832578.5,844926.2,960703.5,918550,819672.25,803322.1
Canada,570996.44,613568.4,587166.6,595967.56,613224.44,604534.4,605868.06,615638.75,651339.1,686089.94,719575.9,662736.8,658638.1,684086.8,678258,719014,782470.8,688458.6,653665.75,735713.06,725858.1,785058.1,736377.4,756662.56,782175.3,738330.5,752719,803745.3,826043.4,848023.56
Cayman Islands,1030135.75,1057011.6,1092400.9,1085887,826521.44,1026751.7,1049102.5,1037680.94,866687.44,819031.2,946422.75,1066293.9,1102648.9,1075638.9,1041601.06,1077017.8,1086442.2,1040742.2,1087755.6,1059479.1,1019739.94,985606.3,1030551.56,1071116.9,1066769.9,1073694,1105636.1,1003243.56,1090179.4,1053102
Central African Republic,956078.7,834417.4,1044884.7,955189.8,1069111.6,1004725,878365.3,895967.5,920570.5,799226.75,980343.4,789048.2,763543.94,936305.56,908053.1,784071.4,962933,916002.4,754917.06,963247.5,1004508.75,1020818.8,972938.9,1030618.06,994590.06,913318.06,990596.6,934848.6,726422.94,681719.25
Chad,1123400.1,1118604.1,1131237.1,1126970.8,1140028.6,1133964.2,1124125.5,1113670.4,1106678.9,1125166.5,1131952,1099387.1,1055597.6,955354.56,939614.6,1081371.8,1162441.2,1155077.4,1107025.4,1121125.8,1118087.4,1152360,1150081.6,1155618.5,1169537,1200321,1153984.9,1129015.5,1121344.4,1070355.4
Chile,627686.4,697282.2,620137.06,629067.1,675900.56,714096.3,690549.3,635920.6,604826.6,694000.75,688448.06,591901.7,590070.3,633627.75,642791.56,618865.75,596844.9,568028.44,592409.7,607254.9,639542.6,576488.9,616724.94,512462.7,580789.75,525717.4,513630.47,530742.5,590854.3,551889.7
China (People's Republic of),827255.1,778192.25,819727.7,813437.44,924601.4,931420,913852.7,880374.9,850788.9,853945.06,880265.2,871576.6,845952.94,867577.44,900004,932034.2,925426.6,903688.1,863425.06,847850.2,888381.56,866024.44,917185.75,926909.75,947901.56,933290.6,858143.2,844531.9,879225.7,911176.4
Chinese Taipei,429298.9,609318.94,784872.9,743891.8,840143.8,956149.25,967296.75,993446.94,1033866.9,1027963.6,852415,639486.8,808126.94,843981.56,566061.44,463070,868591.06,804798.25,353062.34,700455.4,702607.44,899007.6,960726.75,1056884.1,1105786.9,915309.4,781312.75,842320.44,955449.7,961676.4
Colombia,650321.06,683105.6,812638.44,854889.2,872706,887431.2,802339.9,741065.3,800202.7,797776.94,772795.1,679503.5,703835.4,776814.25,686562.3,737454.9,604665,552162,621548.44,622867.3,577239,565178.56,772245.94,552920.44,646270.7,645204.9,675978.06,745529.7,757558,847966.1
Comoros,915648.6,892011.8,941148.9,788222.56,790058.06,856585.2,927798.75,933189.94,898274.75,963585.44,951968.5,906179.2,913496.6,930129,961284.5,953201.25,907706.75,878753.56,869257.4,840530.44,721148.5,865621.2,726990.25,137218.81,336149.88,782457.94,875677.4,898001.3,508656.3,545169.94
Congo,939340.25,719332.5,930901.1,909310.9,760951.1,809102.1,558202.94,840754.2,933581.44,828421.1,445083.38,892510.4,913168.06,662715.6,895304.94,636474.9,914138.94,826563.75,699739.5,810816.3,722786.9,888590.3,907501.3,879514.1,776801.06,614161.9,879984.25,878352.4,610716.2,680846.56
Costa Rica,949189.06,938295.6,1015933,882939.4,736274.94,859555.3,851147.56,949655.5,889653.9,801373.25,828605.2,849772.7,935871.94,892317.75,922229.06,885094.06,986886.3,749231.25,813621.7,790709.2,829220.5,764330.75,853629.2,922637.9,884669.3,910890.1,906347.9,858725.75,733533.1,763551.7
CÃ´te d'Ivoire,886602.94,863693.25,735933.75,907313.25,767614.6,919967.1,744442.75,644027.9,1005948.3,883622,830135.56,680498.4,885716.9,836697.7,907822.56,823502.9,841289.5,911445.25,767443.8,943685.75,928384.9,885881.2,907337.8,760671.94,864720.8,832242.5,722436.3,910131.2,874866.44,839469.5
Croatia,873321.2,827259.8,679902.3,748394.8,450327.72,649584.1,566896.75,546702.56,564400.94,530495.56,310559.22,278824.28,409141.44,421008,852497.06,999234.1,979938.06,810241.6,849503.75,1032680.5,1051036,990036.7,499222,819088.25,986997.8,866776.8,706953.9,817982.8,475640.53,464586.28
Cuba,941063.6,925566.44,1001266.1,956664.6,858555.6,921622.06,930984.8,965497.8,836380.1,750293.7,910268.3,945006.2,952903.1,943401.25,873383.5,1019968.06,969235.44,1022385,905887.56,905249.56,913352.2,973908.75,1043050.75,1050161.8,1013505.56,994953.7,933073.4,929557.1,975898.5,1002488.3
Curacao,1007292.5,991086.2,975219,1002849.7,1076060.1,989286,1049548.5,1019214.8,1013012.8,1068496,1065694.9,996598.5,977216,1000146.8,975142.3,1007369.06,1056795.4,962114.7,949139.25,824568.2,1012766.56,878128.25,962724.8,867685.94,789611.2,1023496.06,990394,1107526.5,1093361.1,1041264.7
Cyprus,787183.94,772806.1,852751.7,819347.4,853342.7,429706.47,762474.4,966084.56,745960.7,853084.4,811271.4,1019835.94,916139.56,1050532.8,596241.2,697686.7,935629.44,1009150.25,946748.56,978854.94,1092398.4,1097556.6,1099608.8,1076958.8,908449.56,987569.7,980255.8,1100736.4,1111188.6,1115277.2
Czech Republic,760414.1,769369.7,730822.1,772922.6,651568.3,585769.3,480122.16,609574.7,683626.25,619220.5,508768.53,451208.53,445339.78,404592.94,943298.1,953939.1,727885.2,845137.8,974181.44,986554.6,984374.56,958498.2,623887.1,773145.25,984341.94,833709.1,488056.1,547281.2,164227.06,650017.1
Democratic People's Republic of Korea,841464.6,868064.4,988042.8,921412.4,953636.25,782991.9,976411.5,960141,590128.8,506331.03,850966.9,947596.9,878405.06,646995.1,1032048.8,975728.6,969237.75,729256.7,962040.94,453928.4,946857.44,959804.8,840573,701311.6,225050.55,660682.75,1020227.1,858172,783728.8,763927.8
Democratic Republic of the Congo,925511.8,859228.75,947918.2,935878.9,899593.56,866657.25,657475.06,760225.3,853703.5,653018.9,794156.1,840347.2,747125.94,798957.94,761646.25,875163,876585.9,952850.4,825882.1,819743.6,776891.44,713294.6,904682,947069.25,844492,623137.1,877810.56,907429.06,743769.44,657843.06
Denmark,657315.9,709706.4,423851,609911,659770.2,643483,731447.8,695155,804474.56,603959.9,645460.6,737032.9,731928.2,722378.56,848725.3,774623.9,890419.56,902041.8,916089.56,924938.06,934457,933557.44,950483.4,644977,720891.3,645651.5,489094.06,573221.3,916633.25,848909.94
Djibouti,1042556.25,1045213.7,969586.1,953663.2,704071.94,1033318.7,1108585,1101150.5,1063685.1,1028188.56,903082,1056278.8,1039137.56,990263.75,917952.56,918913.8,950640.4,925873,979715.7,1007507.3,1032295.7,1016741.8,1059827.8,951164.4,1076624.5,1105707,1063249.9,1058299.1,1070011,1080998
Dominica,1078366.5,1000804.06,944762.94,995574.3,951552.1,1098623.2,989369.3,985514.25,1021920.4,975055.7,977756.6,1036255.6,1031797.94,1074049.8,1044708.8,1130880.1,992821.8,991156.2,1116254.9,1128990,1099299,980287.3,1004512.9,1004035.8,941993.56,912700.44,966442.7,980487.2,952635.94,854427.5
Dominican Republic,921882.8,833232.75,911017.7,936847.94,970506.06,849682.4,914342.4,892349.4,938797.44,931335.6,945751.6,870562.7,917947.8,909077.8,905073.06,961092.44,983315.94,985848.2,1033628.8,914768.9,932346.8,889269.25,774769.25,931698.4,1010105.6,946560.9,791517.4,919193.75,827271.9,886232.8
Ecuador,683282,700403.06,502240.84,784570.9,778193.1,666925.8,671012.75,690355.7,894990.94,887514.6,818937.1,652683.9,652206.1,834033.9,652744.2,733528.3,684106.5,693732.4,501215.22,654347.56,571612.6,764591.75,674336.9,458699.22,596762,785760.75,547053.3,614576.06,541215.25,638788.6
Egypt,1057226.4,1071851.8,1085898.6,1063596.5,1051451.9,904032.4,992289.25,920491.56,1059156.4,1120848.5,1143642.2,1158392.4,1148056.8,1036057.75,678917.2,1123939,1126522.4,1148362.6,1152077.8,1156826.6,1173257.1,1185120.1,1189223.6,1169996.4,1167399.5,1178473.5,1188586.8,1196410.6,1153914.9,1167380
El Salvador,1033971.44,1024501.94,884534.8,930225.8,829410.3,878035.94,908942,899945.56,851114.9,943783.8,936364.7,1050718.4,1006518.44,1101721.9,963937.06,977446.94,881752.6,818176.56,815550.9,980626.56,1065782.8,980673.2,881115.9,812976.5,873912.4,787226.4,1132729.1,1084056.2,1027830.2,910373.5
Equatorial Guinea,829091.9,646555.1,937255.3,733151.94,391852,808132.25,853173.44,951230.06,950653.1,850943.4,584731.25,824367.3,726932,607542.3,882222.4,771732.5,810635.7,427931.2,744564.8,412808.28,815196.4,764180.6,788311,539952.2,683112.9,762573.6,802826.44,753699.44,578082.1,674588.8
Eritrea,1011577.6,1057096.5,1066811,1100599.8,1094699.2,1049572.6,1069792.4,1073837.8,1054275.1,1082433.6,1020984.56,1043158.7,1099869.2,1119192.2,1066535.8,1067403.4,1027193.3,980405.9,994055,1056499.1,1087590.2,1120796.8,1103899.1,1088030.6,1041787.25,1041457.44,991464.5,1057020.4,1045551.5,1063805.4
Estonia,660561.7,653274.44,704079.9,715296.7,714826.7,736769.9,670297.56,392933.34,369491.72,398324.53,420369.34,526172.75,509652.22,608357.94,824486.56,832621.6,850011.5,850136.75,814916.94,789485.2,845930.44,828837.94,890047.4,904103.3,668817.56,786397.94,877256,961272.5,971122.5,873174.4
Eswatini,815721.9,185717.67,298092.84,741368.56,269501.2,367447.3,555866.44,482292.47,714011.9,604219.6,591662.1,415443.4,804214.8,822894.56,791822.25,567828.9,305714.4,580304.94,592085.4,746197.4,246523.19,276397.5,378742.7,537944.9,638260.9,713267.94,569413,527647.8,656159.8,760633.2
Ethiopia,980137.5,1003861.9,1038408.44,986217.94,1024303.7,1003906.3,1061658.6,1060868.6,978701.8,979597.75,939988.25,915398.3,946012.2,986128.75,923846.6,910169.44,916191.06,942749.2,896222.5,923294.56,916828.2,843955.2,851712,825738,898589,925559.9,873510.94,894320.8,963648.56,954357.7
Fiji,823619.5,869370.9,904422.25,895004.8,819049.6,602105.6,557779.5,687217.56,767258.5,837879.4,769582,688667.1,413689.78,410868.1,740291.56,646687.8,669716.8,670543.94,611663.8,562776.06,389139.56,182956.02,303344.06,529870.9,677421.56,643752.2,709453.44,705769.25,733155.44,689886.9
Finland,558223.9,550807.3,590323.8,404892.3,481132.47,631499.25,523437.44,396520.8,380489.62,457006.47,608630.3,535035.7,518763.44,593813.2,732900.1,737340.8,693350.9,794284.3,705805.7,620448.75,665610.06,633405.75,800841.25,811278.44,821696.8,815358.1,807795.3,856917.4,802015.9,764908.8
Former Yugoslav Republic of Macedonia,963502.06,846173.25,691333.8,801922.7,417439,699478.4,567827.9,344199.72,198109.34,677730.9,854080.56,690002.75,734265.56,614843.4,340782.2,860878.2,959434.25,789412.56,803729.94,888984.94,953577.2,958664.2,613678.44,989232.9,913800.9,1033862.56,666873.4,1021702.06,879077.8,948837.8
France,750845.25,647772.8,514831.28,730493.4,681390.94,532002.2,576991,618299.1,672496.25,641877.8,767050.1,872009.56,866613.25,738084.25,812203.06,481340.6,842419.9,889420.5,889404.75,929740.94,826121.94,812950.5,643828.5,625666.25,588047.75,760438.7,665011.25,677413.9,800706.25,862102.94
French Polynesia,932477.8,884237.9,919927,823816.5,865460.44,928213.44,900795.94,882497.56,883351.6,868449.4,891577.56,770653.44,770816.9,823734,855559.7,837440.94,853973.75,861310.94,873387.44,856617.4,781998.25,779556.5,832712.44,716643.8,626327.6,741988.4,806290.75,748870.1,601208.8,691117
French Southern and Antarctic Lands,178825.42,312279.97,197855.92,460030.44,366559.56,290535.53,378502.28,263947.75,300488.78,283672.84,450612.38,191630.8,311623.44,179192.84,67683.71,409319.88,290502.06,315916.2,367725.8,387492.44,63320.504,125809.42,293448.16,171604.53,152980.25,334233.72,122841.99,76666.164,171447.42,339394.7
Gabon,905596.9,703291.3,873782.9,806113.75,400511.56,794785.44,726914.94,899392.9,866386.7,856271.6,447238.16,812128.25,877906.5,643113.75,799800.44,670827.3,831848.4,616223.2,726982.1,638088.44,773525,839318.06,811905.3,674504.2,667835.7,705733.6,778631,789980.44,622327.25,688755.8
Gambia,1064135.8,990853.5,897090.75,998504.56,1018358,1058467.1,1077726.1,886735.56,1098256.8,1099730.6,1101618.2,1094977.6,1140422.1,1129013.6,1121892.6,1123862.6,1120699.9,1066926.8,1054886.8,1115481.5,1110071,1109608.5,1102773.5,1109150.9,1116081.4,1115037.4,1094920.6,1070826.2,1089570.4,1119311.8
Georgia,460694.25,548008.94,704842.7,477982.5,860429.6,462789.9,927216.8,810387.44,794971.75,796912.75,779917.44,798783.3,934054,952282.3,758847.75,512272.34,233816.02,599852.7,474588.03,450050.1,699231.4,667756.75,682271.44,900069.56,966014.9,1071118.1,1089743.2,989347.06,954962.8,1056065
Germany,777243.7,698053.75,497285,442568.94,374982.94,660580.44,701229.9,611022.4,619064.4,621830.44,622601.3,576366.5,630349.5,505101.6,858979.06,880117.25,829127.94,937812.6,954752.2,972494.9,987838.7,984609.25,837494.7,901139.5,898217.06,542399.3,621261,647866.44,458284.56,835203.25
Ghana,944045.06,941394.56,895529.2,938285.1,816024.9,857848.8,703621.9,728661.2,996515.94,887170.3,738545,895028.2,724131.8,924625.8,913299,938661.75,928010.7,966423.1,883341.4,966262.3,909971.44,927156,879149.06,746295.3,874458.7,836397.8,837826.44,898909.25,900577.3,800101.25
Greece,937999.9,907958.1,824466.1,847102.1,511715.97,351737.7,596408.8,482472.06,564435.2,715192.6,877703.8,641483.44,847685.75,715159.5,546585.2,839708.6,910991.2,860843.56,865654.3,863143.5,903681.6,889612.6,803588.8,928330.7,786389.9,1034427.4,974159.94,1088609.9,1060651.2,988625.1
Greenland,463721.44,382326.2,383209.4,487160.1,502925.2,493354.84,492866.72,506792.53,525935.5,560609,550616.44,514170.3,535957.94,552302.3,576767.9,606737,615755.7,646759.3,683082.1,683953.9,717370.25,714863.56,750326.06,679146.8,707441.7,788666.2,786592.6,819556.4,798091.2,802018.94
Grenada,1048634.8,934722,962276.3,1016651.5,1005199.7,926974.5,1058885.5,904131.2,1017759.4,1073964.6,1122529.4,1066819,867636.7,1038083,1019461,1008460.75,1032245,974143.8,971867.56,977806.8,998880.06,1064756.2,995958.5,1010110.3,917730.5,1016161.8,1047740.2,1103945.5,1097303.2,999752.8
Guam,985661.06,819296.44,1090992,879403,800365.44,1024221.2,1031251.94,1050205.1,1098553.4,1050454,1047961.7,1117451.9,1029566.8,975010.94,1013647.5,1004794.8,1025556.25,1165083.4,1129967.6,1033265.44,1110609.9,1030907.25,1112872.2,1113638.2,1019193,1089364.1,1104216.4,985316.56,989852.2,1055351
Guatemala,983997.94,947241.56,907795.4,893894.8,910450.2,864650,892317.9,815673.8,726833.1,946133.44,1070125.4,1097013.1,1154942.4,1148085.2,804658.25,932315.3,893553.25,928436.9,661570.25,1073917.2,1151907.1,1036847.2,1010800.8,984678.6,984373.06,889999.94,856641.5,1088955,1009073.25,885927.7
Guinea,865757.6,702173.25,785077.94,906799.7,938316.56,953102.9,921458.7,956308.8,1044896.25,1029964.9,1025328.5,958112.8,1034353.1,1062537.2,992383.94,952968.3,898265.3,955779.4,993295.56,952624.75,912179.75,996523.1,1048405.7,1054367.8,1031901.2,968170.25,772080.9,958859.9,963840.75,815422.2
Guinea-Bissau,1037224.2,980787.9,871848.94,990593.6,972324.56,1029903.44,1055329.9,1019026.2,1085411.2,1097912.6,1095052.5,1106288,1118989.4,1106134,1107546.5,1113180.4,1097746.2,1073685.6,1016294.2,1097127.4,1081925.4,1102622.8,1104642.4,1092520.4,1104040,1103993.4,1006624.7,1035114.56,1071403.6,1087914.5
Guyana,928325.5,878932.3,840466.25,784993.8,778330.4,824715.5,771771.2,681022.8,640017,632046.7,743279.9,705033.75,814638.2,716783.94,581754,503895.88,627862.75,624469.94,755175.2,648102.25,712941.5,733394.4,728379.3,704189.4,700800.7,725226.3,865740,833535.8,860768.6,827811
Haiti,983968.9,956932.7,942453.5,964566.9,991531.56,921578.8,929726.8,924044.4,944351.75,993038.3,975178.44,942938.5,947216.6,924063.5,918658.25,927065.56,973491.5,1003313.5,1062022,972557.4,905829,925928.5,955055.75,1015927.8,995320.2,982458.94,950455.5,988118.44,976819.94,1014364.2
Heard Island and McDonald Islands,261353.03,454576.66,118669.58,503233.1,334192.28,311346.5,421217,97765.61,345004.8,76723.914,388129.3,138898.52,306921.16,249009.58,83574.47,240972.58,335840.6,248395.98,321228.78,310741.6,132445.83,286309.4,284608.97,154489.45,262890.28,295633.53,152063.12,201016.02,43764.21,265724.66
Honduras,1026659.1,870952.25,876603.3,859302,909332.3,932529.7,887278.75,933696.94,856549.56,767503.3,921142.5,977611.06,983580.44,1013337.8,821291.8,891829.06,856017.06,1006828.56,924272,677214.7,770925.5,849701.56,916720.25,960412.8,1042573.44,985985.75,1032308.56,987804.9,895217.1,913810.1
Hong Kong (China),467354.16,710892.9,854842.75,730194.25,822028.3,971783.06,916326.3,875336.06,914200.9,851106.44,784062.3,396450.53,537802.8,431086.53,788976.1,352631.44,816889.06,574022.1,521794.1,502735.3,615955.5,829453.06,826853.75,918200.9,941672.6,506423.62,470994.66,756058.1,926724.25,514621.75
Hungary,804318.94,828256.06,733322.7,752883.06,525116.94,439546.8,705753.25,762988.75,762639.1,645594.6,525145.3,383841.84,263037.5,477368,936058.1,989506.2,665621.1,818069.5,947589.3,1004891.7,958666.94,829355.4,448317.62,783134.1,939582.3,914554.56,564662.5,549882.5,527749.25,507890.9
Iceland,530251.9,522502.6,488951.56,523803.2,539734.4,507634.84,618875,592417.94,624205.5,594076.44,542326,410914.7,458843.12,475075.03,578073.94,390946.9,348335.28,431818.6,383383.22,636694.56,491917.22,612110.6,317380.56,417054.03,775841.2,456984.7,653308.75,527456.3,438110.22,639320.56
India,1001768.2,1015882.4,1018596.25,1000148.44,986938.25,994670.6,976595.1,980909.75,991282.06,1005762.75,1020068.94,1014445.25,1019141.9,1028164.06,972059.4,872457.3,886678.3,994013.6,1023404.25,1025424.94,1003781.5,1030557.44,1018487.56,1030534.56,1044000.06,1048240.44,1051841.5,1052791.8,1040244.7,1007192.2
Indonesia,675156.75,709554.4,695681.75,797893.25,721322.44,844990.5,792020.56,819296.25,740340.5,751182.9,671450.5,658306.94,649316.94,613878.7,719877,690367.5,727346.9,728173.3,721772.4,673050.44,741965.44,799413.44,693175.9,655571.75,642048.2,604933,513465.56,576584.1,578555.5,587033.1
Iran,630105,855042.44,943370,968596.94,903241.25,813594.06,858033.4,777104.75,931843.7,925054.75,1004695.7,957543.25,880636.5,672915.7,943543.7,977605.2,1071374.2,936499.44,972265,1021387.44,1055123.8,922451.56,997844.75,1095751.9,1137346.6,1128124.5,1143402,976174,1141815.9,1123535.2
Iraq,700976.44,882009.06,902288.6,939146.25,740519.4,846714.7,755253.1,956020.75,951586.75,956260.2,948042.44,1040069.8,1096418.9,1090331,1100437.9,846127.6,993767.3,883422.75,987427.44,1023270.56,1068139.1,966086.9,1066069.2,1136429.6,1146471,1157569,1084805.9,1058839.9,1001202,1108652.1
Ireland,440980.47,630870.2,625309.4,636097.2,580922,586980.7,569294.6,475230.9,542029.6,537493.3,469218.3,547609.9,427588.75,186072,153108.03,569685.9,651080.06,874513.06,810744,688532.7,656141.3,936198,778594.7,413048.9,733310.94,339759.66,800585.2,369241.25,358522.56,568331.4
Isle of Man,206011.45,664870.1,324106.97,565958.94,296827.8,769307.06,491338.1,766042.75,795623.6,742343.56,604613.7,729559.8,830821.75,473448.7,376058.62,319296.4,789702.5,684135.9,880858.7,808262.3,859230.56,954947.06,922826.56,762152.5,626790.5,321068.2,486619.1,486116.62,772957.9,315111.03
Israel,691963.2,792779.3,977510.3,922082.5,842572.1,677989.5,1019053.94,994900,1066821.4,1018989,1056245.4,1081902.4,1093303.2,1042888.94,622291.06,870991.94,842670.4,923943.94,946816.6,933451.06,879053.1,928319.2,1110048,1133200.6,1123626.8,1150030.8,1117429.5,1164341.8,1168832,1132222.4
Italy,840384.25,680502.5,585697,475230.28,668750.5,663544.25,604515.2,741066.4,705312.56,750560.1,577793.75,663335.44,637368.25,659938.94,797974.6,799298.3,897940.56,927655.4,939377.3,979829.25,825053,723659.44,568797.06,758108.1,868662.8,774153.7,1009761.3,851963.3,797749,948646.2
Jamaica,975152.75,927620.56,984085.06,800169,791063.56,978082.94,946259.2,937742.7,948141.7,993334.06,789199.4,997186.3,989330,1024724.1,937090.56,968638.6,947502.2,1030731.7,1088409.2,1040376,968936.75,951715.06,1003982.44,979434.94,1027625.1,1054677.1,1106387.4,1030797.06,1005840.2,990063.2
Japan,823197,832060.06,873942.4,921670.94,783886.1,946590.06,835208.06,860579.94,868955.75,449124.28,788177.44,850035.3,950521,612082.8,846991.44,1024297.7,863918.9,974340.5,747763.7,986429.4,798192.2,960799.94,742011.44,516062.3,502293.44,456160.75,769665.6,912849.75,626363.75,375111.16
Jersey,805024.2,626797.44,752285,531520.56,279144.78,652250.7,510463.72,611950.7,692794.06,454085.97,805929.6,833147.44,937416.8,602107.56,726831.8,716187.2,857552.8,788790.44,980854.5,996716.2,999055.3,834892.8,754377.8,547716.06,801697.5,759028.7,921377.3,407614.28,729917.8,904415.75
Jordan,795326.3,898248.2,1023568.56,918635,913922.2,845455.3,1000098.9,963601.44,1105935,1083397.9,1121067.5,1114878.1,1120196,1063856.4,901728.4,950609.56,961305,1057882.9,1055155.2,1038297.75,961970.25,1002284.94,1167688.2,1164590.5,1148258,1179630.6,1128096.1,1151132.4,1185550.2,1146380.4
Kazakhstan,679806.1,600564.9,549743.44,564074.9,551971,602759.56,789790.56,829574.25,808604.25,767272.5,856742.44,852810.2,844479.94,753836.7,657966.56,779638.56,759357.4,732738.8,673122.3,691669.44,713934.75,752329.94,816640.94,755627.7,777971.2,814878.25,848139.7,931632.94,932493.44,849790.06
Kenya,997941,1026852.6,1017428.7,908428,941518,1022218.8,1024988.2,1045006,965979.7,927273.6,903951.8,899200.8,953042.5,989539.7,1018539.06,1041752.25,1007520.1,1020816.56,977375.56,957823.7,964135.7,904633.94,795173.25,829317.2,806872.3,779331.2,673894.25,827433.94,864618.7,908708.44
Kiribati,886375.75,858909.44,925579.2,889073.7,882988,879432.4,972930.9,767042.1,732178.8,692185.56,740534.4,789628.5,830384.4,939544.6,926218.1,896616,800075.7,894907.1,885877.94,897577.2,902242.7,834786.4,785003.06,815793.5,873563.56,916291.75,833907.3,912271.2,953214.8,960204.4
Korea,928496,979983.9,1023368.8,1003509.56,906550,868634.3,704834.2,999640.3,489197.44,341809,676122,960657.06,920190.56,591508.2,1074944.1,951533,944256.3,857313.5,607895.2,907919.56,628760.44,1002197.2,506552.97,420527.22,356874.06,317907.4,987454.25,628409.8,307843.03,867015.94
Kosovo,942753.7,896183.8,710058.6,803225,418616.66,850942.2,735173.5,285744.97,167591.27,670492.25,716334.94,718186.75,493532.9,573997.9,483621.62,845615.4,974768.75,773314.4,854396.4,940213.06,1024233.1,1000968.6,696267,974651.25,1010909.25,1056582.4,571748.06,879322.7,817103.56,878125.94
Kuwait,716403.1,1047049.06,995500.44,1026710.8,850316.6,935124.56,839026.7,1035698.44,706961.3,977859.3,986863.06,1027238.4,897333,1138983.9,1129283.8,1024882.1,1071860,994209.7,1110157.4,1094601.1,1135000.6,1165065.1,1171036.4,1156588.4,1162362.8,1146344.5,1081332.6,766311.75,1152131.2,1141863
Kyrgyzstan,864772.25,977829.1,935043.6,859599.06,658551.94,648810.9,1026287.7,985109.56,817236.25,616529.4,721981.7,952566.6,1019851.56,1075645.9,924439.44,644197.3,686831.6,1058465.9,966307.25,846575.25,908397.3,759277.9,791959.2,725945.06,690033.44,873846.6,1035376.5,1068920.6,1022352.6,509283.16
Lao People's Democratic Republic,898214.5,806162.7,897330,830038.56,873451.8,887525.06,935678.06,981101.7,987593.9,993185,1011805.94,951006.06,922915.6,912542.94,792788.1,891051.5,922478.3,1018929.06,1032665.56,1057358.2,1020602.44,970586.2,998534.7,1056360,1022359.56,1033940.94,939758.56,966747.75,1002935.44,994348.44
Latvia,684257.9,715081.25,729618.4,740509.6,748472.56,745597.25,599261.7,498965.94,384717.3,489354.22,416506,472574,613980.25,694334.94,713277.44,837917.8,869525.5,864481.7,879499.56,706730.2,766072.1,849702.44,921760.25,926935.3,801257,845978.3,874129.56,959988.56,984988.56,920678.56
Lebanon,682232.3,664495.6,788399.3,963229.1,798632.25,817447.7,848857.5,1020015.75,1045852,949637.8,911779.6,1053522.8,1093656.5,1044285.7,613724.6,629145.4,803206,931939.2,713451.6,846014,690354.25,799322.44,1061899.6,1136882.1,1146412.1,1095292.6,845644.06,1123024.2,1138000.5,1052699.6
Lesotho,778072.1,645668.06,696464.6,660916.06,195517.19,543718.6,716730.4,589728.1,700296,713094.44,647547.56,637241.94,807512.1,704336.6,769711.25,803869.56,714928.06,728751.94,744979.75,316252.94,269451.62,186549.53,232236.39,381661.25,568825.3,777870.9,783132.4,779991.2,781798.06,759392.5
Liberia,794954.7,692653.4,459134.06,865610.6,749318.44,733059.75,674139.3,515132.62,725942.8,748825.2,689250.4,543359.75,658423.6,661761.5,843667.1,619454.3,695228.2,773505.56,487969.9,807268.56,883261.75,722624.6,743996.2,753467.6,807092.25,773621.7,693124.06,749412.94,740375.5,714063
Libya,1019505.7,1027515.8,1065064.1,974059.5,802686.44,970331,979450.1,1086898.6,1104090.1,1128184.9,1101683.5,1124065.5,1071286.1,962528.6,1092444.2,1142970.8,1148757.4,1155394.6,1153021.1,1163311,1146089.9,1109821.9,1072591,1097111.5,1152723.5,1165072.9,1141785.4,1026918.9,1049575,1096171.6
Liechtenstein,881594.25,745839.56,701162.56,198528.55,809546.3,801812.5,619988.25,515645.12,293537.4,441222.53,176175,479402.3,664610.56,429472.7,979204.8,877829.94,822229.2,929794.94,967660.06,1051091.4,1048831.6,908762.7,722140.06,839680.3,902172.5,264095.6,587898.25,907909.25,631929.7,347239.6
Lithuania,719102.6,743628.5,752684.06,765572.8,754142.1,729988.25,692914.75,604049,508395.56,408859.8,440830.97,577138.2,744149,731482.75,720408.56,813014.4,885627.8,870507.9,906378.9,757253.3,659080.4,873111.1,933436.2,910567.1,844017.5,868739.1,866650.9,907699.1,976146.75,979150.75
Luxembourg,752426.8,520333.25,297132.25,426718.06,525771.1,651635.75,634061.75,408345.94,410870.06,484485.62,913947.8,641375.7,797184.3,667296.6,818556,510507.8,618557.5,972702.3,946973.1,991423.1,1018285.75,1010046.7,882108.8,701975.56,429847.2,570580.7,515032.3,491384.44,623916.9,787672.75
Madagascar,870797.7,857673.5,822254,828602.6,781233.4,788193.75,822475.1,845940.44,850497.94,889271.44,851370.94,787508.1,718904,801202.7,812680.2,766531.9,804020.56,719069.9,721341.94,729364.7,738806.6,791236.7,705918.7,653878.44,692555.9,677659.2,650223.25,732573.06,729748.5,749719.56
Malawi,881686.44,837755.25,832026.25,857192.94,893233.1,786890.75,675902.3,738889.3,819899.8,796376.56,558952.94,671914.4,658844.94,716863.4,852714.75,872866.5,834030.3,718528.4,774371.44,793030.1,820087.06,861721.25,813195.4,886985.44,877687.7,819998.44,771199.56,661484.75,678381.7,635475.4
Malaysia,795234.8,835976.8,758237.75,902885.3,858525.9,932350.2,927952,890435.44,877369.56,854756.2,789775.94,739096.06,749759,803125,870298.8,896019.2,884719.56,900211.9,805579.75,811709.44,855045.25,868789.3,792352.75,789722.1,775864.8,654728.8,622651.9,550390.75,753528,743895.75
Mali,1058529.8,1055633.6,1044424.75,1025290.75,1026894,1073273.6,1083144.2,1124225.9,1138021.4,1147830.6,1143734.1,1106097.6,1129603.1,1163256,1168634.1,1135981.1,1135162.6,1152484.9,1145686.2,1111802.1,1082048.8,1024642.9,1047552.9,1076789.4,1058745.9,1058870,1049584.1,1110656.5,1137009.1,1112394.9
Malta,391948.16,288243.78,760999.7,450076.75,622940.06,909069.2,790014.75,837643.56,996970.6,995806.6,1005444.44,1006579.75,924393.25,911601,953632.6,1032403.7,1051140.6,1056063.5,1052295.1,1043299.94,959760.7,653446.1,1080635.9,1074278,1054502.9,1083080.1,1064904.1,1107432.1,1103554.2,993812.25
Marshall Islands,872295.5,689379.9,843212.2,896856.94,1007855.94,1017529.75,964120,884360.2,664498.44,797369.7,1048377.75,1031889.5,1023778,972972.94,997268.8,868350.75,953024.06,935991.5,919615.4,891246,885927.7,800272.3,820828.5,973777.2,967698.3,850439.8,762084.3,732388.06,988779.8,1012799.44
Mauritania,1105094.4,991680.8,964940.2,939789.75,1062520.6,1116429.4,1129719.9,1115702.8,1150308.8,1157372.4,1166087.2,1176405.5,1184625.8,1180782.8,1183683,1171121.6,1158082.1,1162055.9,1149382.5,1161194.1,1160660.6,1168319.6,1172324.9,1182780.5,1161519.2,1109354,1148552.9,1154287.2,1164115.5,1163333.8
Mauritius,963985.6,868208.94,910854.3,862915.8,809559.8,709084.25,933259.8,808446.4,610752.7,731057,794349.9,812417.75,770015.7,684510.94,532296.9,809481.8,863504.2,837029.06,810859.06,812620.3,718476.6,491357.7,759536.1,730879.94,693421.44,851753.25,860731.7,572978.06,638671.8,785180.9
Mexico,1017237.1,1010791.94,1045291.9,1090506.9,1031437.8,1034667.75,1111797,1082877,1084593,1167014.4,1188638.9,1105819.9,1155433.9,1123932,1083618.9,1066491.8,1121706.8,1164575.2,1116239.6,1177874.9,1156082,1068735.1,1066553,1117736.6,1133965.4,1117232.4,1125025.9,1115672.5,1053959.8,1100892
Micronesia,709486.2,554041.7,585076.06,842224.75,746875.6,754183.06,915093,1045773.8,974279.06,928356.4,787153.56,941546.06,881356.06,1084991.8,1027512.56,1009433.25,1031540.9,940666.7,805097.5,927325,961055.7,1014674.94,911496.94,755740.1,897481.56,873926.5,1011395.4,851676.75,972230.75,974177.94
Moldova,791036.6,882942.5,886328.2,885549.9,799795.9,867794.8,755635,289057.62,778250.4,688182.94,448710.72,361744.84,210718.06,232657.23,670586.4,209824.23,301663.25,602186.8,726797.6,747555.9,709904.8,848022.6,886071,893083.75,1004915.56,997562.9,983311.8,871633.8,821155.06,630301.8
Mongolia,859056.75,878424.2,872405.44,842732.3,730604.25,771599.75,811615.44,735663.3,836180.94,916629.25,875112.25,902908.75,963330.75,933408.2,928792.5,845214.4,888633.94,893991.94,936060.9,906954.25,918823.6,921259.2,814633.3,870665.06,936072.6,898736.94,908290.25,944918.56,1012306.25,1063807.4
Montenegro,950014.44,848720.6,671878.8,701791.25,258497.12,668615.94,721984.8,270595.66,243325.81,491809.03,555895.7,622331.6,620046.4,625254.44,695860.5,823815.6,965909.94,813146.44,903339.8,1070742.1,978175.8,931699.94,565928.94,965897.25,1024683.6,1007063.3,624247.06,890156.8,621218.1,454071.1
Morocco,890049.7,925404.1,956649.75,766886.56,850818.9,939247.56,1024659,1041295.06,1003863.25,1066056.4,1083760,1068276,1141429.8,1150284.2,1116316.2,1143052.8,1078187,949039.1,1044197.44,938240.56,953150.94,1026298.3,861019.2,1095219.1,1118270.5,1139872.8,1143227.4,1103646.5,1100665.6,1128857.2
Mozambique,898344.4,829690.9,779337.25,832047.2,849018.5,742764.94,679272.5,719922.44,792148.75,733816,658574,591622,634611.6,664474.7,798726.6,787758.56,636494.9,671239.7,713665.25,727012.94,735679.6,775395,733705.6,672262.94,621333.06,554911.4,570494,544878,614191.94,580075.9
Myanmar,970924.25,943045,919545.9,999773.2,956595.3,1013634.06,940546.4,966537.7,958846.4,987366.25,1055798.1,1038775,1028960.6,989762.06,973747.2,968202.2,985628.8,1009343.5,1043128.3,1045432.6,1043182.5,998987.7,1019280.6,1031332.94,1051460.1,1047780.44,1031230,967763.25,941627.7,943132.25
Namibia,902801.06,900826.44,920189.7,939256.9,977390.5,971571.3,929301.2,944865.44,944665.25,886289,857005.75,832732.44,839786,857049.5,883997.1,942924.8,892078.9,890528.8,829007.06,844745.1,801452.06,827351.9,874158.25,878903.9,869899.44,865868.2,818051,818175.5,815228.3,825321.44
Nepal,920994.6,1027402.2,966323.06,885604.8,825680.56,765359.2,741860.5,949111.5,906080.4,1004644,982353.06,991253.25,967344.94,1001281.2,1012139.06,885856.94,659194.8,968379.9,1029097,1037987.9,913237.4,930862.9,921606.8,986446.8,974852.25,1028170,1052898.6,1121048.9,1095499.1,1072818.1
Netherlands,775324.25,521214.6,487763.84,406638.62,598067.9,365761,780446.8,779511.75,738912.44,866809.2,608522.9,694594.6,788321.56,708265.7,788756.3,853046.5,624917.8,917835.7,936141.5,955164,975386.1,970234.44,962924,832674.5,518899.8,645343.5,572040.4,671877.56,620652.2,532139.6
New Caledonia,880939.56,809062.75,684733.25,705986.25,795011,920841.56,808783.4,851613.56,744788.4,794716.6,589567.25,175145.73,250625.44,604492.5,721420.3,516459.25,351752.94,420218.5,391858.56,572162.44,342659.56,557048.25,740670.3,716214.2,733380.9,658701.6,671743.06,658937.06,738098.7,596210.25
New Zealand,508877.8,575613.7,580813.94,511403.2,489647.4,554417.7,541790.2,569144.7,545115.8,343779.38,294430.12,502944.75,564076.2,473456.75,496133.62,515130.9,541379.3,564583.6,515375.5,388407.22,299729.22,355708.88,431359.44,390970.28,414084.06,421705.7,329087.7,255654.73,315410.53,450776.25
Nicaragua,944125.5,800261.9,859167.3,841845.25,906748.6,892582.2,848366.94,921404.5,917104.56,877630.25,799491.9,835807.5,870042.44,903798.3,882028.25,872005.1,950301.44,933141.7,897448.9,876527.5,865894.44,885367.75,932485,914104.6,974686.9,987392.2,978375.9,869783.25,825225,901595.1
Niger,1097515.6,1119890.5,1123019.4,1123325.1,1118107.8,1119824.8,1111285.2,1140281.9,1149070.2,1161799.2,1158365,1120028.4,922092.2,1029005.4,1177574.2,1182881.5,1197609.4,1196340.1,1185525.4,1170926.2,1148859.2,1118754.6,1016238.9,1019440.2,1107576.4,1167938.8,1156491.1,1151180.2,1158987,1162525.5
Nigeria,1028266.06,1052584,1046774.06,1034735.06,989264.3,931529.5,890785.4,881199.3,936140.25,961393.1,820308.56,943861.8,763430.44,701138.25,982262.6,963257.5,1020878.75,976218.4,1033096.2,960713.2,990673.6,902689.2,849512.56,781472.9,955661.8,956341.6,1006789.5,1040786.4,979856.06,921606.25
Niue,808635.3,969162.06,889109.3,818596.2,844692.2,807272.94,859035.5,912007.25,828157.56,894854.44,873048,881334.44,857295.7,843064.44,517308.5,395965.53,355465.97,327143,627960.2,669463.8,602766.94,629404.56,490378,342919.9,710195.94,549466.8,412297.78,559238.8,707717.3,761168
Northern Mariana Islands,1012777.94,1033161.25,1096203.1,890236.44,625955.5,971385.5,1089998.9,1058236,1001403.56,909010.7,977419.9,1077745.9,1014614.94,1062706.5,1062742.1,1102151.9,1095721.4,1085335.2,1065439.9,1027842.9,1030096.3,1085653,1064003.2,1117565.6,1039587.3,1082562.9,1032379,1065776.5,1020459.5,1055526.6
Norway,449901.56,382041.25,434724.2,534508.06,531798.8,510055.25,533150.06,617382.6,609848.25,599518.06,601691.9,639778.25,634446.06,626400.25,668441.6,644045,690749.25,684189.5,594852.56,673754.3,510776.47,682535.6,712088.9,711207.4,592948.75,671590.06,568736,700578.6,715114.1,603636.56
Oman,1109112.6,1095539,1086524.8,1112302.1,1027018.4,1044714.4,1044123.1,1102182.1,1105541,1045832.44,1037179.1,993638.4,766165.94,804785.9,1161893,1182500.6,1180930.1,1169534.5,1146281.1,1141845,1131625.6,1124905,1126169,1136802.9,1154841.9,1172386.2,1168518.2,1159851.2,1155038.9,1154996.8
Pakistan,1070527.6,1060970.8,1025050.7,1048908.6,1043096.5,1043023.56,1032615.94,1068056.8,984312.44,1024398.44,878482,900619.7,849961.56,827864.8,788503.5,757968.25,845104.1,1025515.06,1131944.1,1104948.2,1121886.2,1122341.6,1051378.6,982333.7,1071807.6,1134238.6,1147764.4,1170775.6,1105216.2,1122835.5
Palau,974186.56,847188.56,860474.6,578915.3,851300.44,880629.3,580860.4,461563.56,1031237.8,1047796.3,1033925.06,1097102.9,898782.75,967786.75,860396.5,903467.1,1044284.2,953869.94,921960.3,915894.9,1100672.6,944147.4,944496.25,889339.56,972289.1,718125.5,994460.5,722936,507111.53,938595.44
Panama,851066.25,790375.75,956921.9,880044.06,822299.06,826913.25,880058.5,942253.6,869000.7,780419.1,769981.8,878583.1,863174.5,810890,789538.2,833795.94,877903.94,811853.7,737881.75,630810.7,656486.06,576782.25,599102.06,897033.56,881953,927935.6,910219.06,813816.44,712970.6,648435
Papua New Guinea,688195.6,649828.9,615660,565135.44,627763.56,589301.06,437538.12,449439.56,607746.56,630670.7,526015,572234.9,486280.5,605299.1,611564.25,472263.28,542201.9,390236.94,552164.75,708474.5,721990.75,720388.8,722173.06,750306.1,717189.25,603164.1,533468.25,581521.3,632341.44,612539.1
Paraguay,507674.4,486244.38,405412.22,639125.2,298870.06,670377.9,765428.6,811668.44,864103.8,823414.8,742541.44,772640.7,705556.1,740864.94,771969.75,496275.9,697146.1,762855.94,739687.1,621330.56,334290.38,346894.44,481101.6,547081.44,604806.7,415481.84,184784.52,540416.06,646032.94,371596.6
Peru,738431.44,683529.7,679755.9,844174.2,890401.75,641934.94,612695,799656.4,936974.1,886502.4,842278.06,733614.3,669683.44,812996.56,810868.2,691169.8,649532.9,702471.5,673700.25,726621.8,752007.9,778461.44,702812,530535.2,665425.8,773910.56,690927.25,652850.94,722843.75,734938
Philippines,930448.7,869105.75,861727.5,952082.06,916482.75,867202.75,867828.8,769611,848579.56,870222.06,913276.56,856088.3,937644.5,946481.8,945910.1,992750,1006552.75,984662.3,988071.25,1016511.5,965547.06,981073.9,1021249.1,1030852.06,981844.1,966539.2,1010492.94,933539.8,970019.06,919593.06
Poland,752158.8,786002.5,734050.7,752830.56,732902.75,719610.7,685120,711605.6,647314.75,536511.4,421277.88,448220.7,428782.1,805750.3,843119.2,800571.6,838514.94,879717.44,944306.25,888097.56,823773,777580.75,886905.5,725670.1,868710.56,898385.44,509082.12,317396.5,557077.6,717296.2
Portugal,707682.7,851931.5,867414.3,674524.6,721318.1,673319.1,294312.2,754334.2,712687,729264,966360.1,1024971.06,590059.94,524956.4,687275.2,992515.75,339040.28,776720.56,707923.5,986515.2,1013966.8,868135,741759.75,521443.97,811742.25,868772.25,1109025.5,1078603.2,1112774.6,1129061
Puerto Rico,987859.44,896908.9,1009190.8,1005103.1,999498,949194.75,929770.44,1003336.7,961396.4,887486.56,954569.06,908653.94,966008.44,951916.1,972363.56,995190.4,960149.75,1051858,1083503,1071550.2,1016441.4,976943.6,1032088.6,1005947.9,1110228.1,1079646.6,1058732.5,993350,993089.8,1072172.2
Qatar,873700.1,788165.3,911589.9,999608.44,888186.4,1033306.5,792106.1,990838,929035.3,965175.8,736445.8,908013.94,514193.97,1116011.2,1150214.1,1130199.9,1123906.4,1075711.9,1017954.44,983808.2,1070625.5,964875.1,1090351.8,1168514.4,1166152.8,1062417.4,936003.2,1045701,1125593.5,1135991.1
Romania,808730,783063.75,852446.75,851167.25,812831.9,742090.06,698142.9,494072.2,661026.5,671917.4,429590.38,456333.84,262225.7,385852.72,699664.56,822241.2,504204.94,543228.5,822232.44,837245.56,826209.6,702490.1,692916.06,826797.9,961369.94,970931.44,814407.9,662471.44,804231.1,603988
Russia,553789.7,552764.1,549160.6,567769.7,573416.5,593772.5,609250.5,615525.25,627647.75,639682.4,633843.3,628922.4,627619.4,654581,657779.9,660341,702410.25,701918.94,698012.4,682983.75,708503.1,720463.75,689969.75,735715.06,764070.1,771715.75,780454.7,775357.9,761464.94,755013.3
Rwanda,837419.1,843173.2,954477.1,813045.7,934382.5,904103.3,911355.44,789570.94,653278.8,712982.56,886978.9,705154,774073.25,790170.3,806801.5,803691.75,893363,950061.8,938646.3,804810.2,647613.94,605742.25,842706,892099.7,796692.2,422380.7,666079.7,798366.75,637430.9,556287.6
Saint Helena,895965.06,822997.94,868536.7,953308.5,859662,805256.75,848664.44,870615.94,784054.94,780296.06,811551.7,744003.94,728853.5,837505.5,881411,754700.7,927817.06,850694.3,772036.9,718312.8,818536,609406.5,666561.25,766436.94,838802.06,795539.5,824305.56,868638,910497.2,681498.25
Saint Kitts and Nevis,1048818.1,953899.44,948835.5,1033782.5,938929.7,1037470.25,972587.06,1098433.1,1011040.3,1025288,1023704.06,1063350.1,1033577.3,1147895,983201.8,1066890.1,1069968,1120597.9,1124069.5,1005259.8,1070980.1,1076167,1146822.4,1071724.2,1009344.25,1042512.2,1013292,1017362.75,1126723.1,985748.8
Saint Lucia,1044440,980223.6,1057964,997060.25,938620.3,970789.5,940569.5,925797.1,1007083.94,987494.6,964304.75,1042409.8,974283.94,1107835,1009034.44,1018656.5,1074887.5,967826.25,1085470.1,1051901.2,1041001.56,1119004.9,1097502.1,918133.6,705762.9,931966.1,1057521.5,1019991.1,1028724.2,910985.3
Saint Vincent and the Grenadines,1042733.75,949095.5,1014933.25,1012230.56,911572.25,918159.94,958572,899576.2,990002.7,998272.8,1051135.1,1028226.25,977229.56,1090814.1,1025315.3,1020711.06,1081427.8,1008203.56,1045507.7,989146.56,1030209.56,1131278.1,1009656.06,956605.06,779261.94,922698.56,1115090.9,1055517.6,1087654.4,930864.7
Samoa,921051.8,713442,687798.44,939943.3,917906.25,824496,925083.94,909144.94,924997.9,865320.25,946783.75,976767.56,830996.44,733261.6,565180.7,619636.25,749717.25,864532.3,806327.5,796909.2,747481.75,789074.56,764444.06,724300.7,692520.25,757182.06,767425.25,745415,773289.25,805333.6
Sao Tome and Principe,998208.7,1008332.3,880772.06,892459.7,549496.7,975432.9,1029982.75,797503.44,1024311.5,980996.8,507460.4,918233.8,646469.9,279642.8,908381.94,932054.6,952414.8,676261.06,926903.1,128759.945,901761.4,873678.1,941343,651206.8,941818.3,798406.1,904041.1,863950.5,788411.25,801495.94
Saudi Arabia,1032393.25,1037956.6,1061631.6,1044673.7,1000217.2,1021537.3,981235.56,986560.3,1007463,1037379,1029036.56,994852.2,1000630.7,1120359.6,1097368.8,1080292.4,1105235.4,1106409.8,1139843.5,1138047.9,1127814.9,1148207.4,1156138.6,1166534.1,1160304.8,1088210.4,1039092.1,1100985.8,1125476.2,1133170.5
Senegal,1063012.2,1003005.1,925830.56,983001.56,1046573.25,1064602,1070683,1013559.44,1102301.5,1104457.9,1113445.8,1132627.4,1157652.4,1149954.4,1135883.1,1136548.2,1128524.5,1097890.9,1049092.5,1121695,1121613.5,1119920.9,1118331,1124579.9,1126408.4,1106487.6,1073236.2,1062338,1113774.9,1119711.1
Serbia,900269.44,871471.8,782708.2,823012.8,547397.8,729051.6,807156.6,566760.5,418112.94,742355.3,545480.1,418249.16,334009.1,492035.84,600228.44,904469.94,821023.9,736597.3,885613.94,930161.1,1011458.06,1005613.3,638225.7,932220.8,962099.5,999590.4,542572.5,846193.9,707028.7,633150.56
Seychelles,974379.06,994951.7,997104.7,1035421.2,1000773.3,1022248.7,858628,777615.06,907107.75,980414.06,1039992.7,985535.44,899100.2,892671.3,812796.3,977410.25,931050.7,677577.8,723237.06,647274.3,918501.94,983658.7,942592.7,1008526.3,893440,929395.56,923981.7,955995.06,861596.2,929863.3
Sierra Leone,670673.2,457742.2,618054,927572.2,901670.25,772800,782185.6,761143.3,802214.75,859280.75,891259.5,807795.1,914319.2,978041.06,811523.56,845775.56,650755.5,859548.8,722744.25,759051.9,805841.75,883570.44,1037881.4,1061146.2,1055957,925744.1,786952.4,778725.1,735981.75,503291.47
Singapore,557407.25,721664.06,420480.3,871957.8,795456.06,1013338.44,1050798.6,957781.44,801570.4,772307.75,561478.06,451792.03,722327.44,626042.4,958922.1,934084.6,906802.6,903979.4,913417.56,581314.75,731612.6,745276.1,605093.6,544423.5,699318.75,308083.28,473679.16,456987.2,874433.6,759965.5
Slovak Republic,734137.25,809097.1,731905.56,762983.56,715660.9,408520.28,515959.47,742985.94,665549.6,565027.2,546078.4,431600.75,396255.9,696903.25,943576.44,974062.4,547013.4,820482.56,983502.1,991771.44,908189.9,720820.56,546310.1,611657.1,940835.3,931290.75,429694.2,330376.56,357111,530699.6
Slovenia,843057.94,776666.56,718255.75,613765.94,180815,319957.38,629069,548723.56,474074.72,387888.44,160044.97,399502.62,571611.7,323462.44,794834.06,951321.5,973359.3,823715.5,891586.94,1033127,1026920.1,1013034.2,235247.42,658460.94,899729.8,706941.5,719341.44,517315.06,486255.94,464872.8
Solomon Islands,693242.2,477922.88,792678.25,854636.7,689027.8,714133.94,767912.9,729321.7,588343.5,524970.3,686976.2,784224.8,655847.8,677911.5,751296.2,697533.4,519169.16,603656.06,601767.2,635873.9,712332.6,656938.8,691415,770947.5,832886.44,791917.75,691598.94,721057.75,793795.7,740891
Somalia,2127481.5,2195473.3,2170980.2,2136197.4,2163228,2210471.5,2228129.8,2193185.4,2065725.94,2022790.75,2104156.54,2134675.5,2144491.6,2018973.04,1882842.3,1936928.8,1923766.45,1983321.64,1815711.81,1849345.2,1831817.16,1705703.75,1608217.95,1688561.6,1902189.19,1927903.1,1950873.26,2026850.15,2119690.6,2030911.8
South Africa,830638.25,718082,727659.5,747545.1,577686.3,624970.8,725283.44,691257,771166.94,735874.44,700048.5,710400.75,732966.7,702747.75,727983.2,776998.25,701507,755670.9,757278.44,699708.44,543214.6,397714.53,404210.72,574061.2,694650.9,753367.3,729407.94,699375.56,715412.4,709834.5
South Georgia and the South Sandwich Isla,370159.66,450888.2,172469.05,343082.53,276381.66,261476.45,358865.06,371872.56,425125.12,419595.62,305655.3,340555.38,265599.47,176961.67,153277.95,301928.22,68285.65,259250,288442.28,319292.12,318380.97,240064.72,274401.3,119390.58,147098.69,227564.08,94935.45,214733.97,217567.58,70038.56
South Sudan,947589.56,994143.75,1017995.6,1015264.94,1059400.5,984988.3,963127.8,932761.7,866359.44,844460.3,932158.7,845064.2,735454.06,968875.8,976129.5,861343,915931.2,900684.9,965434.3,1004795.75,1028883.4,965169.6,980858.7,946295.5,902230.5,926306.25,872081.9,861911.44,923843.3,805171.44
Spain,623338.06,799421.7,816589.75,895296.25,595420.2,709727.3,651680.56,648628.56,736286.44,777463.2,909380.56,1020161.2,1022424.44,764788.5,842657.75,1002803.44,796733.44,515309.2,611529.6,751433.25,619271.8,716132.1,704026.94,540913.06,777290.7,927276.4,977443.94,1103202.5,1058227.4,1069572.2
Sri Lanka,1050929.8,1037909.25,1076504.6,1067184.4,1060695.2,1003623.2,972281.44,950867.9,923985.3,886241.3,901531.6,1025544.4,980499.94,995662.4,983866.8,904074.9,847641.4,929613.6,919838.94,801264.25,714702.06,826086.2,873804.7,957757.2,894817.1,637546.56,511992.53,719146,687900.2,605840.2
Sudan,1142138.6,1147840.1,1152022.6,1157864.1,1160263.1,1154398.4,1147215.9,1138150.2,1112649.4,1090167.1,1111127.5,1118461.5,1136548.6,1156328.8,1121991.2,1106152,1120074.6,1154276.9,1163967,1125420.6,1181095.5,1201422.4,1208898.6,1204401.4,1190152.6,1172122.9,1161596,1159802.5,1163606.8,1149508.5
Suriname,848570.2,813790.3,797913.5,810558.7,779486,782204.44,535466.9,519285.47,485956.53,392579.12,728197.8,678740.8,792916.3,614170.94,454509.94,466714.22,423253.44,780255.2,696014.4,618061.44,830746.94,746247,329779.62,417657.8,732896.56,878452.9,843212.4,809308.25,823181.5,770739.06
Sweden,535406.9,575615,544130.8,524913.7,514919.2,486975.6,467458.44,557013.25,527096.75,472764.66,657188.7,707824.5,697348.2,730892.7,781458.94,750824.3,785869.8,817827.6,683167.25,811235.25,626450.75,735832.8,871932.9,853124.8,798924,816196.5,750150.8,825984.2,875435.2,831454.94
Switzerland,848704.9,765486.56,445365.22,216276.9,856318.2,747217.6,528134.6,696896.2,683998.6,572933.6,387015.75,645114.5,644047,614474.94,1010509.6,720156.8,861986.4,915506.75,937933.06,1051454.6,1022027.8,959352.94,737891.25,695392.4,857325.6,437326.3,580548.25,870976.06,805767.06,692585.1
Syrian Arab Republic,656091.7,777555.6,820456.3,885870.25,714776.1,871218.4,821330.56,901421.5,946584.6,946023.6,958115.2,1061836.5,1090301,1036976.3,875458.56,548257.56,850533.8,958003,802101.1,931623.9,721952.1,966138.06,1073312.9,1134360.4,1129717.6,1131882.2,951723.5,1110327.6,1098889.6,1072884.6
Tajikistan,992295.06,977040.9,960943.5,961469.5,752350.44,993452.94,977971.44,1005429.8,720141.4,889941.9,779124.7,1036409.56,842402.5,1110733.9,898606.75,663983.8,848706.2,1112703,1014483.06,1011151.56,956213.3,960375.06,835943.44,673077.25,824488.25,916675.2,924146.3,1073092.4,895724.56,903725.7
Tanzania,815521.1,811596.8,839575.25,765684.8,894624.44,909910.25,817963.94,655886.06,772544.06,638564.2,757928.2,778834.3,823339.8,751746.2,877476.94,950651.8,963997.9,903747.75,883880.4,836850.25,794931.1,759056.25,684982.25,831811.6,768588.3,565618.1,638847,804541.75,724229.94,632805.1
Thailand,936990.4,872919.6,903154.3,931352.6,963681.56,959767.9,949735,985243.06,1007474.8,1024535.94,1029942.44,996296.7,993950.6,974074.06,916631.9,928639.2,989468.06,995591.3,1008098.94,1037539.8,1019560.4,963641.2,981959.8,1019306.75,993771.3,1011677.25,991075.2,966549.94,1003036.56,958090.8
Timor-Leste,885579.8,789389.25,640701.4,553472.9,874959.2,947913.7,1020859.44,966744.2,954910.6,864993.6,835723.3,781533.3,845509.9,898079.9,951474.5,1024778.5,935024.7,925311.5,919860.9,798504,925175.3,975503.94,934328.44,880119.2,837555.75,901940.6,891069.6,739483.56,515503.25,718536.5
Togo,888045.44,939928.4,923234,953700.9,919885.94,872212.25,656268.7,826357.56,964791.9,928686.25,606785.2,938196.7,612753.44,883930.9,896402.94,967011.56,985020.94,965656.6,914742.5,945541.8,920235.6,936882.75,724043,714407.94,870927.7,814834.5,853751.5,927621.6,940073.7,740336.94
Tonga,863348.3,929191.9,855968.3,844441.5,852766.2,859808,739439.7,649216.4,789636.75,870612.7,868573,838419.06,693167.2,492563.03,405305.56,461338.75,520427.97,620441,640544.75,722647.56,687098.6,623028.1,445996.7,416430.44,451930.25,532073.5,555597.6,520728.38,677145.94,735160.7
Trinidad and Tobago,977877,875656.6,825012.25,985299.8,1061795.1,866646.5,1106555.4,1012479.5,966634.44,1061310.1,1036739.9,1002726.06,1033785.8,1028404.4,946049.7,931589.25,797666.7,799706.8,940025.8,878815.4,952226.7,925131.5,952100,951565.1,820296.25,891636,1015424.8,960627.6,939108.2,1088857.4
Tunisia,604963.75,838457.7,821864.44,767988.25,693068.56,906759.56,972630.7,1042451.2,1004024.7,1001329.9,1036023.44,1029749.9,1012585.5,1109724.8,1099856,1088319.6,1090860.1,1091545,1027627.56,1055236.2,1040888.9,1096227.1,1111444.4,1050615.1,1134158.6,1089542,1104287.9,1155525.8,1126643.5,967121.25
Turkey,711524.1,704375.9,729281.9,783170.2,856566.6,705434.7,697878.44,820223.94,739956.3,690164.44,783888.2,860045.56,870684.94,845584.2,714128.6,519642.8,678233.9,818474.06,751092.25,823845.2,732979.2,829271.75,969520.56,963962.44,1024270.2,938688,956137.06,961486.5,973199.3,1073748.1
Turkmenistan,720997.06,723296.1,849093.56,843646.7,853449.25,858010.2,668357.6,558900.75,661679.44,843691.75,939749.5,955428.44,785401.2,655097.25,460703.6,799766.44,982792.3,927316.1,636214,561772.4,596918.56,708021.8,562184.56,813508.7,922184.56,963270.4,985821.9,1083507.1,975255.75,1029948.2
Uganda,935880.7,917886.94,1012831.5,912238.2,1008076,1018655.94,987927.1,963680,609734.06,788460.75,890651.94,801734.2,819628.75,943132.4,865487.9,879095.56,916628.44,948851,999287.9,893220.94,850799.5,621911.06,887967.4,902088.56,844611.8,569773.44,642508.2,875136.8,880622,839730.9
Ukraine,770755.3,743037.7,730340.06,747227.6,790145.1,812679.2,753137.75,719164.2,654550,711850.6,529206.25,470409.4,432779.97,459223.72,436444.94,274289.25,413913.38,840209,811010.25,827626.9,758172.6,820622.2,883803.7,949369.94,964854.56,931646.44,888563.75,769820,565941.94,521525.5
United Arab Emirates,1063690.5,989950.3,839568.8,994150.1,945055.9,1088382.8,1084711,894834.3,1069016.8,579660.4,747967.94,705132.3,685105.6,1039342.06,1149798,1164706.8,1145940.5,1145800.9,1134578,1125872.6,1098667.2,1051005.4,1054820.4,1153657.8,1174470.6,1179990.4,1092115.2,1127302.2,1147628.8,1153341
United Kingdom,494634.72,514874.1,472761.53,468408.75,466625.25,453663.47,429080.16,610105.25,564976.7,642183.2,614125.4,604970.56,732777.2,563381.1,625189,442830.38,728221.7,734844,890641.8,822564.2,843647.25,949407.94,884465.56,648435.4,665182.2,546550.5,575809.6,527656.25,618886.5,613042.5
United States,799729.1,763308.25,767902.3,705551.2,654413,674752.5,689829.94,726696.25,784256.06,781055.25,763085.6,750365.44,746955.3,766689.25,871383.25,843771.7,768076.44,795491.1,838119.25,857478.5,867873.4,844659.9,830843.8,883100.44,902684.2,939072.6,946968.4,961829.25,863082.25,763259.9
United States Virgin Islands,1014921.56,908632.3,1051828.2,1061209,1020159.56,1094325.9,906467.56,1102815.8,1002679.1,979145.6,904735.9,1037618.9,1082471.9,1087170.1,970967.6,1076424.2,969640.75,1101653.9,1124731.6,1051036.8,1059430.9,1050619.1,1096657.5,1126688.6,1126963.9,1059491,1039931.5,1008470.75,1092128.1,1061892.1
Uruguay,686322,770863.5,699939.94,598283.44,709012.7,676734.6,759385.1,801611.7,800047.2,738569.44,517419.06,550864.9,718167.2,579343.6,402526.8,627259.94,657197.1,575566.06,620191.06,649448.4,658745.2,572635,459123.94,417840.12,271501.9,110147.484,262343.22,417744.8,585389.44,429343
Uzbekistan,857804.1,613585.3,732110.56,841778.06,745233.9,893988.06,631672.8,800960.2,544205.6,847327.3,821639.56,930753.25,864781.2,823295.9,556845.2,590833.1,803885.3,834637.6,673836.06,811270.94,521609.25,805900.9,714441.1,692181.9,885115.1,907395.56,898153.6,955315.56,939848,1000424
Vanuatu,925398.9,894894.25,805881,797071.44,770468.75,724162.7,829329.5,759388.94,634070.6,580945.8,587145.7,523264.28,351552.1,640496.1,855534.3,789034.44,798500.7,819950.9,787734.25,628192.75,604011.5,743215.06,833123.4,797704.4,817116,814807.9,812396.8,712680.6,568252.7,771710.5
Venezuela,886394.3,944940.4,932241.75,895252.9,950064.44,1011300,977309.6,863708.94,844127.44,886972.7,916678.44,837823.4,831754.75,843991.2,821772.7,785200.56,707267.6,599843.3,653521,741431.56,695460.9,742067.8,773689.06,797026.7,520066.06,622241.2,798818.3,901047.7,980902.2,999522.6
Viet Nam,646981.25,732949.4,789886,709148.6,703836,849149.4,887386.44,898255.6,964651.9,974204.5,924494.75,782707.6,831848.9,826603.56,672542.56,706674.56,733927.6,911603.25,1008194.6,1022201.6,1016068.7,990756.4,946645.56,1051621.6,1000920.5,963326.6,873999.94,800696.7,930668.1,867899.9
Western Sahara,1114084.1,1113507.8,1040954.06,1026464.75,1101555.8,1113038.6,1151066.2,1140534.8,1163424.6,1143538.2,1166978.5,1172915.9,1168737.5,1180737.6,1162553.8,1162863.9,1183110.5,1172331.8,1150899.5,1151189.9,1163354.6,1153183.4,1165262.6,1186425.2,1187620.1,1187124.6,1196144.5,1197005.2,1174260.4,1156065.1
Yemen,1107354,1085869.5,1077480.9,1045616.6,944800.75,1004400.6,1107820.1,1108692.8,1114800,1110265.9,1066045.5,1075835,1024589.6,960977.6,1023723.3,1087312.5,1082380.2,1097829.6,1045760.9,1007626.7,1008533.9,1007066.44,1041113.2,1095678.5,1150505.6,1161079,1172351.6,1142092.2,1136177.1,1131736.1
Zambia,974719.25,950386.75,908973.7,939277.06,913997.44,780806.1,797721.56,618439.1,727054.06,807626.75,519963.47,667195.1,687532.75,716283.25,678653.5,784850.75,807296.3,709831.06,727593.9,703184.1,853209.1,845218.9,854314.2,890214.8,922114.1,921059.75,881044.1,808159.25,702634.9,768095.7
Zimbabwe,1027654.8,890960.1,868168.56,977026.4,1017983.9,875310.44,788336.5,791478.5,807181.25,815850.1,541811.5,348266.53,587714.2,651423.44,815512.4,731092.2,746465.2,692183.2,746348.8,867278.44,852541.1,737682.44,685886.4,681392.1,779227.4,846265.25,815501.5,803482.44,813777.94,846471.3